page_number,url
1,https://immovlan.be/en/detail/residence/for-sale/1360/perwez/vbd64272
1,https://immovlan.be/en/detail/apartment/for-sale/1360/perwez/vbd38977
1,https://immovlan.be/en/detail/residence/for-sale/1360/perwez/vbd10721
1,https://immovlan.be/en/detail/apartment/for-sale/1360/perwez/vbd09952
1,https://immovlan.be/en/detail/residence/for-sale/1360/perwez/vbd19440
1,https://immovlan.be/en/detail/residence/for-sale/1360/perwez/vbd25704
1,https://immovlan.be/en/detail/apartment/for-sale/1360/perwez/vbd25700
1,https://immovlan.be/en/detail/apartment/for-sale/1360/perwez/vbc95975
1,https://immovlan.be/en/detail/apartment/for-sale/1360/perwez/vbc99462
1,https://immovlan.be/en/detail/residence/for-sale/1360/perwez/vbd33080
1,https://immovlan.be/en/detail/apartment/for-sale/1360/perwez/vbc74877
1,https://immovlan.be/en/detail/apartment/for-sale/1360/perwez/vbd58129
1,https://immovlan.be/en/detail/apartment/for-sale/1360/perwez/vbd58128
1,https://immovlan.be/en/detail/residence/for-sale/1360/perwez/vbd64273
1,https://immovlan.be/en/detail/apartment/for-sale/1360/perwez/vbc92732
1,https://immovlan.be/en/detail/apartment/for-sale/1360/perwez/vbc92729
1,https://immovlan.be/en/detail/residence/for-sale/1360/perwez/vaz71896
1,https://immovlan.be/en/detail/residence/for-sale/1360/perwez/vaz68433
1,https://immovlan.be/en/detail/residence/for-sale/1360/thorembais-saint-trond/vbd89339
2,https://immovlan.be/en/detail/residence/for-sale/1360/thorembais-saint-trond/vbd73096
2,https://immovlan.be/en/detail/residence/for-sale/1360/thorembais-saint-trond/vbd73095
2,https://immovlan.be/en/detail/residence/for-sale/1360/thorembais-saint-trond/vbd73094
2,https://immovlan.be/en/detail/residence/for-sale/1360/thorembais-saint-trond/vbd73093
2,https://immovlan.be/en/detail/residence/for-sale/1367/ramillies/vbd89510
2,https://immovlan.be/en/detail/residence/for-sale/1367/ramillies/vbd55424
2,https://immovlan.be/en/detail/residence/for-sale/1367/ramillies/vbd50806
2,https://immovlan.be/en/detail/residence/for-sale/1367/ramillies/vbd50802
2,https://immovlan.be/en/detail/residence/for-sale/1367/ramillies/vbd62016
2,https://immovlan.be/en/detail/residence/for-sale/1367/ramillies/vbd38564
2,https://immovlan.be/en/detail/villa/for-sale/1367/ramillies/vaj61285
2,https://immovlan.be/en/detail/residence/for-sale/1367/ramillies/vbd02115
2,https://immovlan.be/en/detail/residence/for-sale/1367/huppaye/vbd90270
2,https://immovlan.be/en/detail/residence/for-sale/1367/autre-eglise/vbd41609
2,https://immovlan.be/en/detail/residence/for-sale/1367/autre-eglise/vbc11990
2,https://immovlan.be/en/detail/residence/for-sale/1367/grand-rosiere-hottomont/vbd46549
2,https://immovlan.be/en/detail/residence/for-sale/1367/mont-saint-andre/vbd58026
2,https://immovlan.be/en/detail/residence/for-sale/1367/mont-saint-andre/vbd82838
2,https://immovlan.be/en/detail/villa/for-sale/1367/huppaye/vbd07767
2,https://immovlan.be/en/detail/residence/for-sale/1367/ramillies-offus/vbb88455
3,https://immovlan.be/en/detail/villa/for-sale/1370/jodoigne/vwd16702
3,https://immovlan.be/en/detail/residence/for-sale/1370/jodoigne/vbd88440
3,https://immovlan.be/en/detail/residence/for-sale/1370/jodoigne/vbd88410
3,https://immovlan.be/en/detail/apartment/for-sale/1370/jodoigne/vbd52185
3,https://immovlan.be/en/detail/apartment/for-sale/1370/jodoigne/vbd75468
3,https://immovlan.be/en/detail/apartment/for-sale/1370/jodoigne/vbc57365
3,https://immovlan.be/en/detail/residence/for-sale/1370/jodoigne/vbd62373
3,https://immovlan.be/en/detail/residence/for-sale/1370/jodoigne/vbd35662
3,https://immovlan.be/en/detail/villa/for-sale/1370/jodoigne/vbd41468
3,https://immovlan.be/en/detail/residence/for-sale/1370/jodoigne/vbc57362
3,https://immovlan.be/en/detail/residence/for-sale/1370/jodoigne/vbd17934
3,https://immovlan.be/en/detail/residence/for-sale/1370/jodoigne/vbd10686
3,https://immovlan.be/en/detail/residence/for-sale/1370/jodoigne/vbd36979
3,https://immovlan.be/en/detail/residence/for-sale/1370/jodoigne/vbd10684
3,https://immovlan.be/en/detail/residence/for-sale/1370/jodoigne/vbc57368
3,https://immovlan.be/en/detail/residence/for-sale/1370/jodoigne/vbd69322
3,https://immovlan.be/en/detail/apartment/for-sale/1370/jodoigne/vbc57366
3,https://immovlan.be/en/detail/apartment/for-sale/1370/jodoigne/vbc57364
3,https://immovlan.be/en/detail/duplex/for-sale/1370/jodoigne/vwd15894
4,https://immovlan.be/en/detail/residence/for-sale/1370/jodoigne/vbc57361
4,https://immovlan.be/en/detail/residence/for-sale/1370/jodoigne/vbc57360
4,https://immovlan.be/en/detail/residence/for-sale/1370/jodoigne/vbd77562
4,https://immovlan.be/en/detail/residence/for-sale/1370/jodoigne/vbd54760
4,https://immovlan.be/en/detail/residence/for-sale/1370/jodoigne/vbd54759
4,https://immovlan.be/en/detail/residence/for-sale/1370/jodoigne/vbd54693
4,https://immovlan.be/en/detail/residence/for-sale/1370/jodoigne/vbc57363
4,https://immovlan.be/en/detail/residence/for-sale/1370/jodoigne/vbd10619
4,https://immovlan.be/en/detail/residence/for-sale/1370/jodoigne/vbd56283
4,https://immovlan.be/en/detail/apartment/for-sale/1370/jodoigne/vbd56282
4,https://immovlan.be/en/detail/residence/for-sale/1370/jodoigne/vbd75779
4,https://immovlan.be/en/detail/residence/for-sale/1370/jodoigne/vbd00236
4,https://immovlan.be/en/detail/apartment/for-sale/1370/jodoigne/vbc99709
4,https://immovlan.be/en/detail/residence/for-sale/1370/jodoigne/vbd30125
4,https://immovlan.be/en/detail/apartment/for-sale/1370/jodoigne/vbc25691
4,https://immovlan.be/en/detail/residence/for-sale/1370/jodoigne/vbd48321
4,https://immovlan.be/en/detail/residence/for-sale/1370/jodoigne/vbd70208
4,https://immovlan.be/en/detail/villa/for-sale/1370/jodoigne/vwd16473
4,https://immovlan.be/en/detail/residence/for-sale/1370/jodoigne/vbd81026
4,https://immovlan.be/en/detail/apartment/for-sale/1370/jodoigne/vbd61541
5,https://immovlan.be/en/detail/residence/for-sale/1370/jodoigne/vbd71922
5,https://immovlan.be/en/detail/residence/for-sale/1370/jodoigne/vbd65863
5,https://immovlan.be/en/detail/residence/for-sale/1370/jodoigne/vbd74609
5,https://immovlan.be/en/detail/residence/for-sale/1370/jodoigne/vbd72339
5,https://immovlan.be/en/detail/residence/for-sale/1370/jodoigne/vbd72338
5,https://immovlan.be/en/detail/residence/for-sale/1370/saint-jean-geest/vbd90282
5,https://immovlan.be/en/detail/villa/for-sale/1370/pietrain/rwc39300
5,https://immovlan.be/en/detail/villa/for-sale/1370/lathuy/rwc40889
5,https://immovlan.be/en/detail/residence/for-sale/1370/zetrud-lumay/vbc55446
5,https://immovlan.be/en/detail/residence/for-sale/1370/zetrud-lumay/vbc55445
5,https://immovlan.be/en/detail/residence/for-sale/1370/melin/vbd69384
5,https://immovlan.be/en/detail/residence/for-sale/1370/lathuy/vbd77986
5,https://immovlan.be/en/detail/residence/for-sale/1370/zetrud-lumay/vbd56281
5,https://immovlan.be/en/detail/villa/for-sale/1370/pietrain/vbc49314
5,https://immovlan.be/en/detail/residence/for-sale/1370/saint-remy-geest/vbd82691
5,https://immovlan.be/en/detail/residence/for-sale/1370/pietrain/vbd50077
5,https://immovlan.be/en/detail/residence/for-sale/1370/melin/vbd58666
5,https://immovlan.be/en/detail/residence/for-sale/1370/melin/vbd38158
5,https://immovlan.be/en/detail/residence/for-sale/1380/lasne/vbd90183
5,https://immovlan.be/en/detail/residence/for-sale/1380/lasne/rbv33419
6,https://immovlan.be/en/detail/villa/for-sale/1380/lasne/vbd89669
6,https://immovlan.be/en/detail/residence/for-sale/1380/lasne/vbd89376
6,https://immovlan.be/en/detail/residence/for-sale/1380/lasne/vbd89371
6,https://immovlan.be/en/detail/residence/for-sale/1380/lasne/vbd89193
6,https://immovlan.be/en/detail/residence/for-sale/1380/lasne/vbd89192
6,https://immovlan.be/en/detail/residence/for-sale/1380/lasne/vbd87641
6,https://immovlan.be/en/detail/villa/for-sale/1380/lasne/vbd87424
6,https://immovlan.be/en/detail/apartment/for-sale/1380/lasne/vbd86364
6,https://immovlan.be/en/detail/villa/for-sale/1380/lasne/vbd86256
6,https://immovlan.be/en/detail/residence/for-sale/1380/lasne/rbv16354
6,https://immovlan.be/en/detail/residence/for-sale/1380/lasne/vbc87517
6,https://immovlan.be/en/detail/villa/for-sale/1380/lasne/vbd15177
6,https://immovlan.be/en/detail/villa/for-sale/1380/lasne/vwd14279
6,https://immovlan.be/en/detail/residence/for-sale/1380/lasne/vbd09320
6,https://immovlan.be/en/detail/residence/for-sale/1380/lasne/vbd09319
6,https://immovlan.be/en/detail/villa/for-sale/1380/lasne/vbd31856
6,https://immovlan.be/en/detail/residence/for-sale/1380/lasne/vbd19442
6,https://immovlan.be/en/detail/residence/for-sale/1380/lasne/vbd65149
6,https://immovlan.be/en/detail/villa/for-sale/1380/lasne/rbu62641
6,https://immovlan.be/en/detail/residence/for-sale/1380/lasne/vbd35092
7,https://immovlan.be/en/detail/residence/for-sale/1380/lasne/rbu66838
7,https://immovlan.be/en/detail/residence/for-sale/1380/lasne/rbu66831
7,https://immovlan.be/en/detail/villa/for-sale/1380/lasne/rbu66828
7,https://immovlan.be/en/detail/residence/for-sale/1380/lasne/rbu66826
7,https://immovlan.be/en/detail/villa/for-sale/1380/lasne/rbu66825
7,https://immovlan.be/en/detail/residence/for-sale/1380/lasne/rbu65816
7,https://immovlan.be/en/detail/villa/for-sale/1380/lasne/rbu65815
7,https://immovlan.be/en/detail/villa/for-sale/1380/lasne/vbd29886
7,https://immovlan.be/en/detail/residence/for-sale/1380/lasne/vbd53701
7,https://immovlan.be/en/detail/loft/for-sale/1380/lasne/vbd53699
7,https://immovlan.be/en/detail/villa/for-sale/1380/lasne/vbd54067
7,https://immovlan.be/en/detail/apartment/for-sale/1380/lasne/vbc98160
7,https://immovlan.be/en/detail/residence/for-sale/1380/lasne/vbd81501
7,https://immovlan.be/en/detail/villa/for-sale/1380/lasne/rbu62642
7,https://immovlan.be/en/detail/residence/for-sale/1380/lasne/vbd56321
7,https://immovlan.be/en/detail/villa/for-sale/1380/lasne/vbd44045
7,https://immovlan.be/en/detail/villa/for-sale/1380/lasne/vbd56014
7,https://immovlan.be/en/detail/residence/for-sale/1380/lasne/vbd34830
7,https://immovlan.be/en/detail/villa/for-sale/1380/lasne/rbu66101
7,https://immovlan.be/en/detail/apartment/for-sale/1380/lasne/vbd56762
8,https://immovlan.be/en/detail/villa/for-sale/1380/lasne/rbu62642
8,https://immovlan.be/en/detail/villa/for-sale/1380/lasne/vbd21332
8,https://immovlan.be/en/detail/villa/for-sale/1380/lasne/vbd62578
8,https://immovlan.be/en/detail/residence/for-sale/1380/lasne/vbd58368
8,https://immovlan.be/en/detail/villa/for-sale/1380/lasne/vbd35964
8,https://immovlan.be/en/detail/residence/for-sale/1380/lasne/vbd81144
8,https://immovlan.be/en/detail/villa/for-sale/1380/lasne/vbd75383
8,https://immovlan.be/en/detail/residence/for-sale/1380/lasne/vbd74704
8,https://immovlan.be/en/detail/residence/for-sale/1380/lasne/vbd72704
8,https://immovlan.be/en/detail/residence/for-sale/1390/grez-doiceau/vbd89879
8,https://immovlan.be/en/detail/residence/for-sale/1390/grez-doiceau/vbd86759
8,https://immovlan.be/en/detail/residence/for-sale/1390/grez-doiceau/vbd86758
8,https://immovlan.be/en/detail/villa/for-sale/1390/grez-doiceau/vwd16615
8,https://immovlan.be/en/detail/residence/for-sale/1390/grez-doiceau/vbd83487
8,https://immovlan.be/en/detail/residence/for-sale/1390/grez-doiceau/vbd81697
8,https://immovlan.be/en/detail/residence/for-sale/1390/grez-doiceau/vbd81696
8,https://immovlan.be/en/detail/residence/for-sale/1390/grez-doiceau/vbd78863
8,https://immovlan.be/en/detail/residence/for-sale/1390/grez-doiceau/vbd15506
8,https://immovlan.be/en/detail/residence/for-sale/1390/grez-doiceau/vbd33337
8,https://immovlan.be/en/detail/villa/for-sale/1390/grez-doiceau/vbc79851
9,https://immovlan.be/en/detail/residence/for-sale/1390/grez-doiceau/vbd64465
9,https://immovlan.be/en/detail/residence/for-sale/1390/grez-doiceau/vbd64464
9,https://immovlan.be/en/detail/residence/for-sale/1390/grez-doiceau/vbd17240
9,https://immovlan.be/en/detail/residence/for-sale/1390/grez-doiceau/vbd17448
9,https://immovlan.be/en/detail/residence/for-sale/1390/grez-doiceau/vbd33682
9,https://immovlan.be/en/detail/residence/for-sale/1390/grez-doiceau/vbd44491
9,https://immovlan.be/en/detail/residence/for-sale/1390/grez-doiceau/vbd46603
9,https://immovlan.be/en/detail/residence/for-sale/1390/grez-doiceau/vbd21668
9,https://immovlan.be/en/detail/residence/for-sale/1390/grez-doiceau/vbd21212
9,https://immovlan.be/en/detail/residence/for-sale/1390/grez-doiceau/vbd23636
9,https://immovlan.be/en/detail/residence/for-sale/1390/grez-doiceau/vbd65764
9,https://immovlan.be/en/detail/residence/for-sale/1390/grez-doiceau/vbd72357
9,https://immovlan.be/en/detail/residence/for-sale/1390/grez-doiceau/vbd53416
9,https://immovlan.be/en/detail/apartment/for-sale/1390/grez-doiceau/rbv10376
9,https://immovlan.be/en/detail/residence/for-sale/1390/grez-doiceau/vbd17879
9,https://immovlan.be/en/detail/apartment/for-sale/1390/grez-doiceau/vbd82755
9,https://immovlan.be/en/detail/residence/for-sale/1390/grez-doiceau/vbd82938
9,https://immovlan.be/en/detail/residence/for-sale/1390/grez-doiceau/vbc72621
9,https://immovlan.be/en/detail/villa/for-sale/1390/grez-doiceau/vbc72622
9,https://immovlan.be/en/detail/villa/for-sale/1390/grez-doiceau/vbd07750
10,https://immovlan.be/en/detail/villa/for-sale/1430/rebecq/vbd88043
10,https://immovlan.be/en/detail/residence/for-sale/1430/rebecq/vbd87761
10,https://immovlan.be/en/detail/residence/for-sale/1430/rebecq/vbd87561
10,https://immovlan.be/en/detail/residence/for-sale/1430/rebecq/vbd86786
10,https://immovlan.be/en/detail/residence/for-sale/1430/rebecq/vbd82451
10,https://immovlan.be/en/detail/residence/for-sale/1430/rebecq/vbd80953
10,https://immovlan.be/en/detail/villa/for-sale/1430/rebecq/vbd01534
10,https://immovlan.be/en/detail/residence/for-sale/1430/rebecq/vbd41439
10,https://immovlan.be/en/detail/duplex/for-sale/1430/rebecq/vbc99192
10,https://immovlan.be/en/detail/apartment/for-sale/1430/rebecq/vbd58911
10,https://immovlan.be/en/detail/apartment/for-sale/1430/rebecq/vbc72499
10,https://immovlan.be/en/detail/bungalow/for-sale/1430/rebecq/vbd02198
10,https://immovlan.be/en/detail/residence/for-sale/1430/rebecq/vbd23129
10,https://immovlan.be/en/detail/residence/for-sale/1430/rebecq/vbd24440
10,https://immovlan.be/en/detail/duplex/for-sale/1430/rebecq/vbd72584
10,https://immovlan.be/en/detail/residence/for-sale/1430/rebecq/vbd61289
10,https://immovlan.be/en/detail/apartment/for-sale/1430/rebecq/vbd28234
10,https://immovlan.be/en/detail/residence/for-sale/1430/rebecq/vbd03832
10,https://immovlan.be/en/detail/residence/for-sale/1430/rebecq/vbd65198
10,https://immovlan.be/en/detail/residence/for-sale/1430/rebecq/vbd72502
11,https://immovlan.be/en/detail/villa/for-sale/1430/rebecq/vbd88043
11,https://immovlan.be/en/detail/residence/for-sale/1430/rebecq/vbd87761
11,https://immovlan.be/en/detail/residence/for-sale/1430/rebecq/vbd87561
11,https://immovlan.be/en/detail/residence/for-sale/1430/rebecq/vbd86786
11,https://immovlan.be/en/detail/residence/for-sale/1430/rebecq/vbd82451
11,https://immovlan.be/en/detail/residence/for-sale/1430/rebecq/vbd80953
11,https://immovlan.be/en/detail/villa/for-sale/1430/rebecq/vbd01534
11,https://immovlan.be/en/detail/residence/for-sale/1430/rebecq/vbd41439
11,https://immovlan.be/en/detail/duplex/for-sale/1430/rebecq/vbc99192
11,https://immovlan.be/en/detail/apartment/for-sale/1430/rebecq/vbd58911
11,https://immovlan.be/en/detail/apartment/for-sale/1430/rebecq/vbc72499
11,https://immovlan.be/en/detail/bungalow/for-sale/1430/rebecq/vbd02198
11,https://immovlan.be/en/detail/residence/for-sale/1430/rebecq/vbd23129
11,https://immovlan.be/en/detail/residence/for-sale/1430/rebecq/vbd24440
11,https://immovlan.be/en/detail/duplex/for-sale/1430/rebecq/vbd72584
11,https://immovlan.be/en/detail/residence/for-sale/1430/rebecq/vbd61289
11,https://immovlan.be/en/detail/apartment/for-sale/1430/rebecq/vbd28234
11,https://immovlan.be/en/detail/residence/for-sale/1430/rebecq/vbd03832
11,https://immovlan.be/en/detail/residence/for-sale/1430/rebecq/vbd65198
11,https://immovlan.be/en/detail/residence/for-sale/1430/rebecq/vbd72502
12,https://immovlan.be/en/detail/villa/for-sale/1430/rebecq/vbd88043
12,https://immovlan.be/en/detail/residence/for-sale/1430/rebecq/vbd87761
12,https://immovlan.be/en/detail/residence/for-sale/1430/rebecq/vbd87561
12,https://immovlan.be/en/detail/residence/for-sale/1430/rebecq/vbd86786
12,https://immovlan.be/en/detail/residence/for-sale/1430/rebecq/vbd82451
12,https://immovlan.be/en/detail/residence/for-sale/1430/rebecq/vbd80953
12,https://immovlan.be/en/detail/villa/for-sale/1430/rebecq/vbd01534
12,https://immovlan.be/en/detail/residence/for-sale/1430/rebecq/vbd41439
12,https://immovlan.be/en/detail/duplex/for-sale/1430/rebecq/vbc99192
12,https://immovlan.be/en/detail/apartment/for-sale/1430/rebecq/vbd58911
12,https://immovlan.be/en/detail/apartment/for-sale/1430/rebecq/vbc72499
12,https://immovlan.be/en/detail/bungalow/for-sale/1430/rebecq/vbd02198
12,https://immovlan.be/en/detail/residence/for-sale/1430/rebecq/vbd23129
12,https://immovlan.be/en/detail/residence/for-sale/1430/rebecq/vbd24440
12,https://immovlan.be/en/detail/duplex/for-sale/1430/rebecq/vbd72584
12,https://immovlan.be/en/detail/residence/for-sale/1430/rebecq/vbd61289
12,https://immovlan.be/en/detail/apartment/for-sale/1430/rebecq/vbd28234
12,https://immovlan.be/en/detail/residence/for-sale/1430/rebecq/vbd03832
12,https://immovlan.be/en/detail/residence/for-sale/1430/rebecq/vbd65198
12,https://immovlan.be/en/detail/residence/for-sale/1430/rebecq/vbd79056
13,https://immovlan.be/en/detail/villa/for-sale/1430/rebecq/vbd88043
13,https://immovlan.be/en/detail/residence/for-sale/1430/rebecq/vbd87761
13,https://immovlan.be/en/detail/residence/for-sale/1430/rebecq/vbd87561
13,https://immovlan.be/en/detail/residence/for-sale/1430/rebecq/vbd86786
13,https://immovlan.be/en/detail/residence/for-sale/1430/rebecq/vbd82451
13,https://immovlan.be/en/detail/residence/for-sale/1430/rebecq/vbd80953
13,https://immovlan.be/en/detail/villa/for-sale/1430/rebecq/vbd01534
13,https://immovlan.be/en/detail/residence/for-sale/1430/rebecq/vbd41439
13,https://immovlan.be/en/detail/duplex/for-sale/1430/rebecq/vbc99192
13,https://immovlan.be/en/detail/apartment/for-sale/1430/rebecq/vbd58911
13,https://immovlan.be/en/detail/apartment/for-sale/1430/rebecq/vbc72499
13,https://immovlan.be/en/detail/bungalow/for-sale/1430/rebecq/vbd02198
13,https://immovlan.be/en/detail/residence/for-sale/1430/rebecq/vbd23129
13,https://immovlan.be/en/detail/residence/for-sale/1430/rebecq/vbd24440
13,https://immovlan.be/en/detail/duplex/for-sale/1430/rebecq/vbd72584
13,https://immovlan.be/en/detail/residence/for-sale/1430/rebecq/vbd61289
13,https://immovlan.be/en/detail/apartment/for-sale/1430/rebecq/vbd28234
13,https://immovlan.be/en/detail/residence/for-sale/1430/rebecq/vbd03832
13,https://immovlan.be/en/detail/residence/for-sale/1430/rebecq/vbd65198
13,https://immovlan.be/en/detail/residence/for-sale/1430/rebecq/vbd72502
14,https://immovlan.be/en/detail/villa/for-sale/1430/rebecq/vbd88043
14,https://immovlan.be/en/detail/residence/for-sale/1430/rebecq/vbd87761
14,https://immovlan.be/en/detail/residence/for-sale/1430/rebecq/vbd87561
14,https://immovlan.be/en/detail/residence/for-sale/1430/rebecq/vbd86786
14,https://immovlan.be/en/detail/residence/for-sale/1430/rebecq/vbd82451
14,https://immovlan.be/en/detail/residence/for-sale/1430/rebecq/vbd80953
14,https://immovlan.be/en/detail/villa/for-sale/1430/rebecq/vbd01534
14,https://immovlan.be/en/detail/residence/for-sale/1430/rebecq/vbd41439
14,https://immovlan.be/en/detail/duplex/for-sale/1430/rebecq/vbc99192
14,https://immovlan.be/en/detail/apartment/for-sale/1430/rebecq/vbd58911
14,https://immovlan.be/en/detail/apartment/for-sale/1430/rebecq/vbc72499
14,https://immovlan.be/en/detail/bungalow/for-sale/1430/rebecq/vbd02198
14,https://immovlan.be/en/detail/residence/for-sale/1430/rebecq/vbd23129
14,https://immovlan.be/en/detail/residence/for-sale/1430/rebecq/vbd24440
14,https://immovlan.be/en/detail/duplex/for-sale/1430/rebecq/vbd72584
14,https://immovlan.be/en/detail/residence/for-sale/1430/rebecq/vbd61289
14,https://immovlan.be/en/detail/apartment/for-sale/1430/rebecq/vbd28234
14,https://immovlan.be/en/detail/residence/for-sale/1430/rebecq/vbd03832
14,https://immovlan.be/en/detail/residence/for-sale/1430/rebecq/vbd65198
14,https://immovlan.be/en/detail/residence/for-sale/1430/rebecq/vbd72502
15,https://immovlan.be/en/detail/villa/for-sale/1430/rebecq/vbd88043
15,https://immovlan.be/en/detail/residence/for-sale/1430/rebecq/vbd87761
15,https://immovlan.be/en/detail/residence/for-sale/1430/rebecq/vbd87561
15,https://immovlan.be/en/detail/residence/for-sale/1430/rebecq/vbd86786
15,https://immovlan.be/en/detail/residence/for-sale/1430/rebecq/vbd82451
15,https://immovlan.be/en/detail/residence/for-sale/1430/rebecq/vbd80953
15,https://immovlan.be/en/detail/villa/for-sale/1430/rebecq/vbd01534
15,https://immovlan.be/en/detail/residence/for-sale/1430/rebecq/vbd41439
15,https://immovlan.be/en/detail/duplex/for-sale/1430/rebecq/vbc99192
15,https://immovlan.be/en/detail/apartment/for-sale/1430/rebecq/vbd58911
15,https://immovlan.be/en/detail/apartment/for-sale/1430/rebecq/vbc72499
15,https://immovlan.be/en/detail/bungalow/for-sale/1430/rebecq/vbd02198
15,https://immovlan.be/en/detail/residence/for-sale/1430/rebecq/vbd23129
15,https://immovlan.be/en/detail/residence/for-sale/1430/rebecq/vbd24440
15,https://immovlan.be/en/detail/duplex/for-sale/1430/rebecq/vbd72584
15,https://immovlan.be/en/detail/residence/for-sale/1430/rebecq/vbd61289
15,https://immovlan.be/en/detail/apartment/for-sale/1430/rebecq/vbd28234
15,https://immovlan.be/en/detail/residence/for-sale/1430/rebecq/vbd03832
15,https://immovlan.be/en/detail/residence/for-sale/1430/rebecq/vbd65198
15,https://immovlan.be/en/detail/residence/for-sale/1430/rebecq/vbd72502
16,https://immovlan.be/en/detail/villa/for-sale/1430/rebecq/vbd88043
16,https://immovlan.be/en/detail/residence/for-sale/1430/rebecq/vbd87761
16,https://immovlan.be/en/detail/residence/for-sale/1430/rebecq/vbd87561
16,https://immovlan.be/en/detail/residence/for-sale/1430/rebecq/vbd86786
16,https://immovlan.be/en/detail/residence/for-sale/1430/rebecq/vbd82451
16,https://immovlan.be/en/detail/residence/for-sale/1430/rebecq/vbd80953
16,https://immovlan.be/en/detail/villa/for-sale/1430/rebecq/vbd01534
16,https://immovlan.be/en/detail/residence/for-sale/1430/rebecq/vbd41439
16,https://immovlan.be/en/detail/duplex/for-sale/1430/rebecq/vbc99192
16,https://immovlan.be/en/detail/apartment/for-sale/1430/rebecq/vbd58911
16,https://immovlan.be/en/detail/apartment/for-sale/1430/rebecq/vbc72499
16,https://immovlan.be/en/detail/bungalow/for-sale/1430/rebecq/vbd02198
16,https://immovlan.be/en/detail/residence/for-sale/1430/rebecq/vbd23129
16,https://immovlan.be/en/detail/residence/for-sale/1430/rebecq/vbd24440
16,https://immovlan.be/en/detail/duplex/for-sale/1430/rebecq/vbd72584
16,https://immovlan.be/en/detail/residence/for-sale/1430/rebecq/vbd61289
16,https://immovlan.be/en/detail/apartment/for-sale/1430/rebecq/vbd28234
16,https://immovlan.be/en/detail/residence/for-sale/1430/rebecq/vbd03832
16,https://immovlan.be/en/detail/residence/for-sale/1430/rebecq/vbd65198
16,https://immovlan.be/en/detail/residence/for-sale/1430/rebecq/vbd72502
17,https://immovlan.be/en/detail/villa/for-sale/1430/rebecq/vbd88043
17,https://immovlan.be/en/detail/residence/for-sale/1430/rebecq/vbd87761
17,https://immovlan.be/en/detail/residence/for-sale/1430/rebecq/vbd87561
17,https://immovlan.be/en/detail/residence/for-sale/1430/rebecq/vbd86786
17,https://immovlan.be/en/detail/residence/for-sale/1430/rebecq/vbd82451
17,https://immovlan.be/en/detail/residence/for-sale/1430/rebecq/vbd80953
17,https://immovlan.be/en/detail/villa/for-sale/1430/rebecq/vbd01534
17,https://immovlan.be/en/detail/residence/for-sale/1430/rebecq/vbd41439
17,https://immovlan.be/en/detail/duplex/for-sale/1430/rebecq/vbc99192
17,https://immovlan.be/en/detail/apartment/for-sale/1430/rebecq/vbd58911
17,https://immovlan.be/en/detail/apartment/for-sale/1430/rebecq/vbc72499
17,https://immovlan.be/en/detail/bungalow/for-sale/1430/rebecq/vbd02198
17,https://immovlan.be/en/detail/residence/for-sale/1430/rebecq/vbd23129
17,https://immovlan.be/en/detail/residence/for-sale/1430/rebecq/vbd24440
17,https://immovlan.be/en/detail/duplex/for-sale/1430/rebecq/vbd72584
17,https://immovlan.be/en/detail/residence/for-sale/1430/rebecq/vbd61289
17,https://immovlan.be/en/detail/apartment/for-sale/1430/rebecq/vbd28234
17,https://immovlan.be/en/detail/residence/for-sale/1430/rebecq/vbd03832
17,https://immovlan.be/en/detail/residence/for-sale/1430/rebecq/vbd65198
17,https://immovlan.be/en/detail/residence/for-sale/1430/rebecq/vbd72502
18,https://immovlan.be/en/detail/villa/for-sale/1430/rebecq/vbd88043
18,https://immovlan.be/en/detail/residence/for-sale/1430/rebecq/vbd87761
18,https://immovlan.be/en/detail/residence/for-sale/1430/rebecq/vbd87561
18,https://immovlan.be/en/detail/residence/for-sale/1430/rebecq/vbd86786
18,https://immovlan.be/en/detail/residence/for-sale/1430/rebecq/vbd82451
18,https://immovlan.be/en/detail/residence/for-sale/1430/rebecq/vbd80953
18,https://immovlan.be/en/detail/villa/for-sale/1430/rebecq/vbd01534
18,https://immovlan.be/en/detail/residence/for-sale/1430/rebecq/vbd41439
18,https://immovlan.be/en/detail/duplex/for-sale/1430/rebecq/vbc99192
18,https://immovlan.be/en/detail/apartment/for-sale/1430/rebecq/vbd58911
18,https://immovlan.be/en/detail/apartment/for-sale/1430/rebecq/vbc72499
18,https://immovlan.be/en/detail/bungalow/for-sale/1430/rebecq/vbd02198
18,https://immovlan.be/en/detail/residence/for-sale/1430/rebecq/vbd23129
18,https://immovlan.be/en/detail/residence/for-sale/1430/rebecq/vbd24440
18,https://immovlan.be/en/detail/duplex/for-sale/1430/rebecq/vbd72584
18,https://immovlan.be/en/detail/residence/for-sale/1430/rebecq/vbd61289
18,https://immovlan.be/en/detail/apartment/for-sale/1430/rebecq/vbd28234
18,https://immovlan.be/en/detail/residence/for-sale/1430/rebecq/vbd03832
18,https://immovlan.be/en/detail/residence/for-sale/1430/rebecq/vbd65198
18,https://immovlan.be/en/detail/residence/for-sale/1430/rebecq/vbd72502
19,https://immovlan.be/en/detail/villa/for-sale/1430/rebecq/vbd88043
19,https://immovlan.be/en/detail/residence/for-sale/1430/rebecq/vbd87761
19,https://immovlan.be/en/detail/residence/for-sale/1430/rebecq/vbd87561
19,https://immovlan.be/en/detail/residence/for-sale/1430/rebecq/vbd86786
19,https://immovlan.be/en/detail/residence/for-sale/1430/rebecq/vbd82451
19,https://immovlan.be/en/detail/residence/for-sale/1430/rebecq/vbd80953
19,https://immovlan.be/en/detail/villa/for-sale/1430/rebecq/vbd01534
19,https://immovlan.be/en/detail/residence/for-sale/1430/rebecq/vbd41439
19,https://immovlan.be/en/detail/duplex/for-sale/1430/rebecq/vbc99192
19,https://immovlan.be/en/detail/apartment/for-sale/1430/rebecq/vbd58911
19,https://immovlan.be/en/detail/apartment/for-sale/1430/rebecq/vbc72499
19,https://immovlan.be/en/detail/bungalow/for-sale/1430/rebecq/vbd02198
19,https://immovlan.be/en/detail/residence/for-sale/1430/rebecq/vbd23129
19,https://immovlan.be/en/detail/residence/for-sale/1430/rebecq/vbd24440
19,https://immovlan.be/en/detail/duplex/for-sale/1430/rebecq/vbd72584
19,https://immovlan.be/en/detail/residence/for-sale/1430/rebecq/vbd61289
19,https://immovlan.be/en/detail/apartment/for-sale/1430/rebecq/vbd28234
19,https://immovlan.be/en/detail/residence/for-sale/1430/rebecq/vbd03832
19,https://immovlan.be/en/detail/residence/for-sale/1430/rebecq/vbd65198
19,https://immovlan.be/en/detail/residence/for-sale/1430/rebecq/vbd72502
20,https://immovlan.be/en/detail/villa/for-sale/1430/rebecq/vbd88043
20,https://immovlan.be/en/detail/residence/for-sale/1430/rebecq/vbd87761
20,https://immovlan.be/en/detail/residence/for-sale/1430/rebecq/vbd87561
20,https://immovlan.be/en/detail/residence/for-sale/1430/rebecq/vbd86786
20,https://immovlan.be/en/detail/residence/for-sale/1430/rebecq/vbd82451
20,https://immovlan.be/en/detail/residence/for-sale/1430/rebecq/vbd80953
20,https://immovlan.be/en/detail/villa/for-sale/1430/rebecq/vbd01534
20,https://immovlan.be/en/detail/residence/for-sale/1430/rebecq/vbd41439
20,https://immovlan.be/en/detail/duplex/for-sale/1430/rebecq/vbc99192
20,https://immovlan.be/en/detail/apartment/for-sale/1430/rebecq/vbd58911
20,https://immovlan.be/en/detail/apartment/for-sale/1430/rebecq/vbc72499
20,https://immovlan.be/en/detail/bungalow/for-sale/1430/rebecq/vbd02198
20,https://immovlan.be/en/detail/residence/for-sale/1430/rebecq/vbd23129
20,https://immovlan.be/en/detail/residence/for-sale/1430/rebecq/vbd24440
20,https://immovlan.be/en/detail/duplex/for-sale/1430/rebecq/vbd72584
20,https://immovlan.be/en/detail/residence/for-sale/1430/rebecq/vbd61289
20,https://immovlan.be/en/detail/apartment/for-sale/1430/rebecq/vbd28234
20,https://immovlan.be/en/detail/residence/for-sale/1430/rebecq/vbd03832
20,https://immovlan.be/en/detail/residence/for-sale/1430/rebecq/vbd65198
20,https://immovlan.be/en/detail/residence/for-sale/1430/rebecq/vbd72502
21,https://immovlan.be/en/detail/villa/for-sale/1430/rebecq/vbd88043
21,https://immovlan.be/en/detail/residence/for-sale/1430/rebecq/vbd87761
21,https://immovlan.be/en/detail/residence/for-sale/1430/rebecq/vbd87561
21,https://immovlan.be/en/detail/residence/for-sale/1430/rebecq/vbd86786
21,https://immovlan.be/en/detail/residence/for-sale/1430/rebecq/vbd82451
21,https://immovlan.be/en/detail/residence/for-sale/1430/rebecq/vbd80953
21,https://immovlan.be/en/detail/villa/for-sale/1430/rebecq/vbd01534
21,https://immovlan.be/en/detail/residence/for-sale/1430/rebecq/vbd41439
21,https://immovlan.be/en/detail/duplex/for-sale/1430/rebecq/vbc99192
21,https://immovlan.be/en/detail/apartment/for-sale/1430/rebecq/vbd58911
21,https://immovlan.be/en/detail/apartment/for-sale/1430/rebecq/vbc72499
21,https://immovlan.be/en/detail/bungalow/for-sale/1430/rebecq/vbd02198
21,https://immovlan.be/en/detail/residence/for-sale/1430/rebecq/vbd23129
21,https://immovlan.be/en/detail/residence/for-sale/1430/rebecq/vbd24440
21,https://immovlan.be/en/detail/duplex/for-sale/1430/rebecq/vbd72584
21,https://immovlan.be/en/detail/residence/for-sale/1430/rebecq/vbd61289
21,https://immovlan.be/en/detail/apartment/for-sale/1430/rebecq/vbd28234
21,https://immovlan.be/en/detail/residence/for-sale/1430/rebecq/vbd03832
21,https://immovlan.be/en/detail/residence/for-sale/1430/rebecq/vbd65198
21,https://immovlan.be/en/detail/residence/for-sale/1430/rebecq/vbd72502
22,https://immovlan.be/en/detail/villa/for-sale/1430/rebecq/vbd88043
22,https://immovlan.be/en/detail/residence/for-sale/1430/rebecq/vbd87761
22,https://immovlan.be/en/detail/residence/for-sale/1430/rebecq/vbd87561
22,https://immovlan.be/en/detail/residence/for-sale/1430/rebecq/vbd86786
22,https://immovlan.be/en/detail/residence/for-sale/1430/rebecq/vbd82451
22,https://immovlan.be/en/detail/residence/for-sale/1430/rebecq/vbd80953
22,https://immovlan.be/en/detail/villa/for-sale/1430/rebecq/vbd01534
22,https://immovlan.be/en/detail/residence/for-sale/1430/rebecq/vbd41439
22,https://immovlan.be/en/detail/duplex/for-sale/1430/rebecq/vbc99192
22,https://immovlan.be/en/detail/apartment/for-sale/1430/rebecq/vbd58911
22,https://immovlan.be/en/detail/apartment/for-sale/1430/rebecq/vbc72499
22,https://immovlan.be/en/detail/bungalow/for-sale/1430/rebecq/vbd02198
22,https://immovlan.be/en/detail/residence/for-sale/1430/rebecq/vbd23129
22,https://immovlan.be/en/detail/residence/for-sale/1430/rebecq/vbd24440
22,https://immovlan.be/en/detail/duplex/for-sale/1430/rebecq/vbd72584
22,https://immovlan.be/en/detail/residence/for-sale/1430/rebecq/vbd61289
22,https://immovlan.be/en/detail/apartment/for-sale/1430/rebecq/vbd28234
22,https://immovlan.be/en/detail/residence/for-sale/1430/rebecq/vbd03832
22,https://immovlan.be/en/detail/residence/for-sale/1430/rebecq/vbd65198
22,https://immovlan.be/en/detail/residence/for-sale/1430/rebecq/vbd72502
23,https://immovlan.be/en/detail/villa/for-sale/1430/rebecq/vbd88043
23,https://immovlan.be/en/detail/residence/for-sale/1430/rebecq/vbd87761
23,https://immovlan.be/en/detail/residence/for-sale/1430/rebecq/vbd87561
23,https://immovlan.be/en/detail/residence/for-sale/1430/rebecq/vbd86786
23,https://immovlan.be/en/detail/residence/for-sale/1430/rebecq/vbd82451
23,https://immovlan.be/en/detail/residence/for-sale/1430/rebecq/vbd80953
23,https://immovlan.be/en/detail/villa/for-sale/1430/rebecq/vbd01534
23,https://immovlan.be/en/detail/residence/for-sale/1430/rebecq/vbd41439
23,https://immovlan.be/en/detail/duplex/for-sale/1430/rebecq/vbc99192
23,https://immovlan.be/en/detail/apartment/for-sale/1430/rebecq/vbd58911
23,https://immovlan.be/en/detail/apartment/for-sale/1430/rebecq/vbc72499
23,https://immovlan.be/en/detail/bungalow/for-sale/1430/rebecq/vbd02198
23,https://immovlan.be/en/detail/residence/for-sale/1430/rebecq/vbd23129
23,https://immovlan.be/en/detail/residence/for-sale/1430/rebecq/vbd24440
23,https://immovlan.be/en/detail/duplex/for-sale/1430/rebecq/vbd72584
23,https://immovlan.be/en/detail/residence/for-sale/1430/rebecq/vbd61289
23,https://immovlan.be/en/detail/apartment/for-sale/1430/rebecq/vbd28234
23,https://immovlan.be/en/detail/residence/for-sale/1430/rebecq/vbd03832
23,https://immovlan.be/en/detail/residence/for-sale/1430/rebecq/vbd65198
23,https://immovlan.be/en/detail/residence/for-sale/1430/rebecq/vbd79056
24,https://immovlan.be/en/detail/villa/for-sale/1430/rebecq/vbd88043
24,https://immovlan.be/en/detail/residence/for-sale/1430/rebecq/vbd87761
24,https://immovlan.be/en/detail/residence/for-sale/1430/rebecq/vbd87561
24,https://immovlan.be/en/detail/residence/for-sale/1430/rebecq/vbd86786
24,https://immovlan.be/en/detail/residence/for-sale/1430/rebecq/vbd82451
24,https://immovlan.be/en/detail/residence/for-sale/1430/rebecq/vbd80953
24,https://immovlan.be/en/detail/villa/for-sale/1430/rebecq/vbd01534
24,https://immovlan.be/en/detail/residence/for-sale/1430/rebecq/vbd41439
24,https://immovlan.be/en/detail/duplex/for-sale/1430/rebecq/vbc99192
24,https://immovlan.be/en/detail/apartment/for-sale/1430/rebecq/vbd58911
24,https://immovlan.be/en/detail/apartment/for-sale/1430/rebecq/vbc72499
24,https://immovlan.be/en/detail/bungalow/for-sale/1430/rebecq/vbd02198
24,https://immovlan.be/en/detail/residence/for-sale/1430/rebecq/vbd23129
24,https://immovlan.be/en/detail/residence/for-sale/1430/rebecq/vbd24440
24,https://immovlan.be/en/detail/duplex/for-sale/1430/rebecq/vbd72584
24,https://immovlan.be/en/detail/residence/for-sale/1430/rebecq/vbd61289
24,https://immovlan.be/en/detail/apartment/for-sale/1430/rebecq/vbd28234
24,https://immovlan.be/en/detail/residence/for-sale/1430/rebecq/vbd03832
24,https://immovlan.be/en/detail/residence/for-sale/1430/rebecq/vbd65198
24,https://immovlan.be/en/detail/residence/for-sale/1430/rebecq/vbd79056
25,https://immovlan.be/en/detail/villa/for-sale/1430/rebecq/vbd88043
25,https://immovlan.be/en/detail/residence/for-sale/1430/rebecq/vbd87761
25,https://immovlan.be/en/detail/residence/for-sale/1430/rebecq/vbd87561
25,https://immovlan.be/en/detail/residence/for-sale/1430/rebecq/vbd86786
25,https://immovlan.be/en/detail/residence/for-sale/1430/rebecq/vbd82451
25,https://immovlan.be/en/detail/residence/for-sale/1430/rebecq/vbd80953
25,https://immovlan.be/en/detail/villa/for-sale/1430/rebecq/vbd01534
25,https://immovlan.be/en/detail/residence/for-sale/1430/rebecq/vbd41439
25,https://immovlan.be/en/detail/duplex/for-sale/1430/rebecq/vbc99192
25,https://immovlan.be/en/detail/apartment/for-sale/1430/rebecq/vbd58911
25,https://immovlan.be/en/detail/apartment/for-sale/1430/rebecq/vbc72499
25,https://immovlan.be/en/detail/bungalow/for-sale/1430/rebecq/vbd02198
25,https://immovlan.be/en/detail/residence/for-sale/1430/rebecq/vbd23129
25,https://immovlan.be/en/detail/residence/for-sale/1430/rebecq/vbd24440
25,https://immovlan.be/en/detail/duplex/for-sale/1430/rebecq/vbd72584
25,https://immovlan.be/en/detail/residence/for-sale/1430/rebecq/vbd61289
25,https://immovlan.be/en/detail/apartment/for-sale/1430/rebecq/vbd28234
25,https://immovlan.be/en/detail/residence/for-sale/1430/rebecq/vbd03832
25,https://immovlan.be/en/detail/residence/for-sale/1430/rebecq/vbd65198
25,https://immovlan.be/en/detail/residence/for-sale/1430/rebecq/vbd79056
26,https://immovlan.be/en/detail/villa/for-sale/1430/rebecq/vbd88043
26,https://immovlan.be/en/detail/residence/for-sale/1430/rebecq/vbd87761
26,https://immovlan.be/en/detail/residence/for-sale/1430/rebecq/vbd87561
26,https://immovlan.be/en/detail/residence/for-sale/1430/rebecq/vbd86786
26,https://immovlan.be/en/detail/residence/for-sale/1430/rebecq/vbd82451
26,https://immovlan.be/en/detail/residence/for-sale/1430/rebecq/vbd80953
26,https://immovlan.be/en/detail/villa/for-sale/1430/rebecq/vbd01534
26,https://immovlan.be/en/detail/residence/for-sale/1430/rebecq/vbd41439
26,https://immovlan.be/en/detail/duplex/for-sale/1430/rebecq/vbc99192
26,https://immovlan.be/en/detail/apartment/for-sale/1430/rebecq/vbd58911
26,https://immovlan.be/en/detail/apartment/for-sale/1430/rebecq/vbc72499
26,https://immovlan.be/en/detail/bungalow/for-sale/1430/rebecq/vbd02198
26,https://immovlan.be/en/detail/residence/for-sale/1430/rebecq/vbd23129
26,https://immovlan.be/en/detail/residence/for-sale/1430/rebecq/vbd24440
26,https://immovlan.be/en/detail/duplex/for-sale/1430/rebecq/vbd72584
26,https://immovlan.be/en/detail/residence/for-sale/1430/rebecq/vbd61289
26,https://immovlan.be/en/detail/apartment/for-sale/1430/rebecq/vbd28234
26,https://immovlan.be/en/detail/residence/for-sale/1430/rebecq/vbd03832
26,https://immovlan.be/en/detail/residence/for-sale/1430/rebecq/vbd65198
26,https://immovlan.be/en/detail/residence/for-sale/1430/rebecq/vbd72502
27,https://immovlan.be/en/detail/villa/for-sale/1430/rebecq/vbd88043
27,https://immovlan.be/en/detail/residence/for-sale/1430/rebecq/vbd87761
27,https://immovlan.be/en/detail/residence/for-sale/1430/rebecq/vbd87561
27,https://immovlan.be/en/detail/residence/for-sale/1430/rebecq/vbd86786
27,https://immovlan.be/en/detail/residence/for-sale/1430/rebecq/vbd82451
27,https://immovlan.be/en/detail/residence/for-sale/1430/rebecq/vbd80953
27,https://immovlan.be/en/detail/villa/for-sale/1430/rebecq/vbd01534
27,https://immovlan.be/en/detail/residence/for-sale/1430/rebecq/vbd41439
27,https://immovlan.be/en/detail/duplex/for-sale/1430/rebecq/vbc99192
27,https://immovlan.be/en/detail/apartment/for-sale/1430/rebecq/vbd58911
27,https://immovlan.be/en/detail/apartment/for-sale/1430/rebecq/vbc72499
27,https://immovlan.be/en/detail/bungalow/for-sale/1430/rebecq/vbd02198
27,https://immovlan.be/en/detail/residence/for-sale/1430/rebecq/vbd23129
27,https://immovlan.be/en/detail/residence/for-sale/1430/rebecq/vbd24440
27,https://immovlan.be/en/detail/duplex/for-sale/1430/rebecq/vbd72584
27,https://immovlan.be/en/detail/residence/for-sale/1430/rebecq/vbd61289
27,https://immovlan.be/en/detail/apartment/for-sale/1430/rebecq/vbd28234
27,https://immovlan.be/en/detail/residence/for-sale/1430/rebecq/vbd03832
27,https://immovlan.be/en/detail/residence/for-sale/1430/rebecq/vbd65198
27,https://immovlan.be/en/detail/residence/for-sale/1430/rebecq/vbd72502
28,https://immovlan.be/en/detail/villa/for-sale/1430/rebecq/vbd88043
28,https://immovlan.be/en/detail/residence/for-sale/1430/rebecq/vbd87761
28,https://immovlan.be/en/detail/residence/for-sale/1430/rebecq/vbd87561
28,https://immovlan.be/en/detail/residence/for-sale/1430/rebecq/vbd86786
28,https://immovlan.be/en/detail/residence/for-sale/1430/rebecq/vbd82451
28,https://immovlan.be/en/detail/residence/for-sale/1430/rebecq/vbd80953
28,https://immovlan.be/en/detail/villa/for-sale/1430/rebecq/vbd01534
28,https://immovlan.be/en/detail/residence/for-sale/1430/rebecq/vbd41439
28,https://immovlan.be/en/detail/duplex/for-sale/1430/rebecq/vbc99192
28,https://immovlan.be/en/detail/apartment/for-sale/1430/rebecq/vbd58911
28,https://immovlan.be/en/detail/apartment/for-sale/1430/rebecq/vbc72499
28,https://immovlan.be/en/detail/bungalow/for-sale/1430/rebecq/vbd02198
28,https://immovlan.be/en/detail/residence/for-sale/1430/rebecq/vbd23129
28,https://immovlan.be/en/detail/residence/for-sale/1430/rebecq/vbd24440
28,https://immovlan.be/en/detail/duplex/for-sale/1430/rebecq/vbd72584
28,https://immovlan.be/en/detail/residence/for-sale/1430/rebecq/vbd61289
28,https://immovlan.be/en/detail/apartment/for-sale/1430/rebecq/vbd28234
28,https://immovlan.be/en/detail/residence/for-sale/1430/rebecq/vbd03832
28,https://immovlan.be/en/detail/residence/for-sale/1430/rebecq/vbd65198
28,https://immovlan.be/en/detail/residence/for-sale/1430/rebecq/vbd72502
29,https://immovlan.be/en/detail/villa/for-sale/1430/rebecq/vbd88043
29,https://immovlan.be/en/detail/residence/for-sale/1430/rebecq/vbd87761
29,https://immovlan.be/en/detail/residence/for-sale/1430/rebecq/vbd87561
29,https://immovlan.be/en/detail/residence/for-sale/1430/rebecq/vbd86786
29,https://immovlan.be/en/detail/residence/for-sale/1430/rebecq/vbd82451
29,https://immovlan.be/en/detail/residence/for-sale/1430/rebecq/vbd80953
29,https://immovlan.be/en/detail/villa/for-sale/1430/rebecq/vbd01534
29,https://immovlan.be/en/detail/residence/for-sale/1430/rebecq/vbd41439
29,https://immovlan.be/en/detail/duplex/for-sale/1430/rebecq/vbc99192
29,https://immovlan.be/en/detail/apartment/for-sale/1430/rebecq/vbd58911
29,https://immovlan.be/en/detail/apartment/for-sale/1430/rebecq/vbc72499
29,https://immovlan.be/en/detail/bungalow/for-sale/1430/rebecq/vbd02198
29,https://immovlan.be/en/detail/residence/for-sale/1430/rebecq/vbd23129
29,https://immovlan.be/en/detail/residence/for-sale/1430/rebecq/vbd24440
29,https://immovlan.be/en/detail/duplex/for-sale/1430/rebecq/vbd72584
29,https://immovlan.be/en/detail/residence/for-sale/1430/rebecq/vbd61289
29,https://immovlan.be/en/detail/apartment/for-sale/1430/rebecq/vbd28234
29,https://immovlan.be/en/detail/residence/for-sale/1430/rebecq/vbd03832
29,https://immovlan.be/en/detail/residence/for-sale/1430/rebecq/vbd65198
29,https://immovlan.be/en/detail/residence/for-sale/1430/rebecq/vbd79056
30,https://immovlan.be/en/detail/villa/for-sale/1430/rebecq/vbd88043
30,https://immovlan.be/en/detail/residence/for-sale/1430/rebecq/vbd87761
30,https://immovlan.be/en/detail/residence/for-sale/1430/rebecq/vbd87561
30,https://immovlan.be/en/detail/residence/for-sale/1430/rebecq/vbd86786
30,https://immovlan.be/en/detail/residence/for-sale/1430/rebecq/vbd82451
30,https://immovlan.be/en/detail/residence/for-sale/1430/rebecq/vbd80953
30,https://immovlan.be/en/detail/villa/for-sale/1430/rebecq/vbd01534
30,https://immovlan.be/en/detail/residence/for-sale/1430/rebecq/vbd41439
30,https://immovlan.be/en/detail/duplex/for-sale/1430/rebecq/vbc99192
30,https://immovlan.be/en/detail/apartment/for-sale/1430/rebecq/vbd58911
30,https://immovlan.be/en/detail/apartment/for-sale/1430/rebecq/vbc72499
30,https://immovlan.be/en/detail/bungalow/for-sale/1430/rebecq/vbd02198
30,https://immovlan.be/en/detail/residence/for-sale/1430/rebecq/vbd23129
30,https://immovlan.be/en/detail/residence/for-sale/1430/rebecq/vbd24440
30,https://immovlan.be/en/detail/duplex/for-sale/1430/rebecq/vbd72584
30,https://immovlan.be/en/detail/residence/for-sale/1430/rebecq/vbd61289
30,https://immovlan.be/en/detail/apartment/for-sale/1430/rebecq/vbd28234
30,https://immovlan.be/en/detail/residence/for-sale/1430/rebecq/vbd03832
30,https://immovlan.be/en/detail/residence/for-sale/1430/rebecq/vbd65198
30,https://immovlan.be/en/detail/residence/for-sale/1430/rebecq/vbd72502
31,https://immovlan.be/en/detail/villa/for-sale/1430/rebecq/vbd88043
31,https://immovlan.be/en/detail/residence/for-sale/1430/rebecq/vbd87761
31,https://immovlan.be/en/detail/residence/for-sale/1430/rebecq/vbd87561
31,https://immovlan.be/en/detail/residence/for-sale/1430/rebecq/vbd86786
31,https://immovlan.be/en/detail/residence/for-sale/1430/rebecq/vbd82451
31,https://immovlan.be/en/detail/residence/for-sale/1430/rebecq/vbd80953
31,https://immovlan.be/en/detail/villa/for-sale/1430/rebecq/vbd01534
31,https://immovlan.be/en/detail/residence/for-sale/1430/rebecq/vbd41439
31,https://immovlan.be/en/detail/duplex/for-sale/1430/rebecq/vbc99192
31,https://immovlan.be/en/detail/apartment/for-sale/1430/rebecq/vbd58911
31,https://immovlan.be/en/detail/apartment/for-sale/1430/rebecq/vbc72499
31,https://immovlan.be/en/detail/bungalow/for-sale/1430/rebecq/vbd02198
31,https://immovlan.be/en/detail/residence/for-sale/1430/rebecq/vbd23129
31,https://immovlan.be/en/detail/residence/for-sale/1430/rebecq/vbd24440
31,https://immovlan.be/en/detail/duplex/for-sale/1430/rebecq/vbd72584
31,https://immovlan.be/en/detail/residence/for-sale/1430/rebecq/vbd61289
31,https://immovlan.be/en/detail/apartment/for-sale/1430/rebecq/vbd28234
31,https://immovlan.be/en/detail/residence/for-sale/1430/rebecq/vbd03832
31,https://immovlan.be/en/detail/residence/for-sale/1430/rebecq/vbd65198
31,https://immovlan.be/en/detail/residence/for-sale/1430/rebecq/vbd72502
32,https://immovlan.be/en/detail/villa/for-sale/1430/rebecq/vbd88043
32,https://immovlan.be/en/detail/residence/for-sale/1430/rebecq/vbd87761
32,https://immovlan.be/en/detail/residence/for-sale/1430/rebecq/vbd87561
32,https://immovlan.be/en/detail/residence/for-sale/1430/rebecq/vbd86786
32,https://immovlan.be/en/detail/residence/for-sale/1430/rebecq/vbd82451
32,https://immovlan.be/en/detail/residence/for-sale/1430/rebecq/vbd80953
32,https://immovlan.be/en/detail/villa/for-sale/1430/rebecq/vbd01534
32,https://immovlan.be/en/detail/residence/for-sale/1430/rebecq/vbd41439
32,https://immovlan.be/en/detail/duplex/for-sale/1430/rebecq/vbc99192
32,https://immovlan.be/en/detail/apartment/for-sale/1430/rebecq/vbd58911
32,https://immovlan.be/en/detail/apartment/for-sale/1430/rebecq/vbc72499
32,https://immovlan.be/en/detail/bungalow/for-sale/1430/rebecq/vbd02198
32,https://immovlan.be/en/detail/residence/for-sale/1430/rebecq/vbd23129
32,https://immovlan.be/en/detail/residence/for-sale/1430/rebecq/vbd24440
32,https://immovlan.be/en/detail/duplex/for-sale/1430/rebecq/vbd72584
32,https://immovlan.be/en/detail/residence/for-sale/1430/rebecq/vbd61289
32,https://immovlan.be/en/detail/apartment/for-sale/1430/rebecq/vbd28234
32,https://immovlan.be/en/detail/residence/for-sale/1430/rebecq/vbd03832
32,https://immovlan.be/en/detail/residence/for-sale/1430/rebecq/vbd65198
32,https://immovlan.be/en/detail/residence/for-sale/1430/rebecq/vbd79056
33,https://immovlan.be/en/detail/villa/for-sale/1430/rebecq/vbd88043
33,https://immovlan.be/en/detail/residence/for-sale/1430/rebecq/vbd87761
33,https://immovlan.be/en/detail/residence/for-sale/1430/rebecq/vbd87561
33,https://immovlan.be/en/detail/residence/for-sale/1430/rebecq/vbd86786
33,https://immovlan.be/en/detail/residence/for-sale/1430/rebecq/vbd82451
33,https://immovlan.be/en/detail/residence/for-sale/1430/rebecq/vbd80953
33,https://immovlan.be/en/detail/villa/for-sale/1430/rebecq/vbd01534
33,https://immovlan.be/en/detail/residence/for-sale/1430/rebecq/vbd41439
33,https://immovlan.be/en/detail/duplex/for-sale/1430/rebecq/vbc99192
33,https://immovlan.be/en/detail/apartment/for-sale/1430/rebecq/vbd58911
33,https://immovlan.be/en/detail/apartment/for-sale/1430/rebecq/vbc72499
33,https://immovlan.be/en/detail/bungalow/for-sale/1430/rebecq/vbd02198
33,https://immovlan.be/en/detail/residence/for-sale/1430/rebecq/vbd23129
33,https://immovlan.be/en/detail/residence/for-sale/1430/rebecq/vbd24440
33,https://immovlan.be/en/detail/duplex/for-sale/1430/rebecq/vbd72584
33,https://immovlan.be/en/detail/residence/for-sale/1430/rebecq/vbd61289
33,https://immovlan.be/en/detail/apartment/for-sale/1430/rebecq/vbd28234
33,https://immovlan.be/en/detail/residence/for-sale/1430/rebecq/vbd03832
33,https://immovlan.be/en/detail/residence/for-sale/1430/rebecq/vbd65198
33,https://immovlan.be/en/detail/residence/for-sale/1430/rebecq/vbd72502
34,https://immovlan.be/en/detail/villa/for-sale/1430/rebecq/vbd88043
34,https://immovlan.be/en/detail/residence/for-sale/1430/rebecq/vbd87761
34,https://immovlan.be/en/detail/residence/for-sale/1430/rebecq/vbd87561
34,https://immovlan.be/en/detail/residence/for-sale/1430/rebecq/vbd86786
34,https://immovlan.be/en/detail/residence/for-sale/1430/rebecq/vbd82451
34,https://immovlan.be/en/detail/residence/for-sale/1430/rebecq/vbd80953
34,https://immovlan.be/en/detail/villa/for-sale/1430/rebecq/vbd01534
34,https://immovlan.be/en/detail/residence/for-sale/1430/rebecq/vbd41439
34,https://immovlan.be/en/detail/duplex/for-sale/1430/rebecq/vbc99192
34,https://immovlan.be/en/detail/apartment/for-sale/1430/rebecq/vbd58911
34,https://immovlan.be/en/detail/apartment/for-sale/1430/rebecq/vbc72499
34,https://immovlan.be/en/detail/bungalow/for-sale/1430/rebecq/vbd02198
34,https://immovlan.be/en/detail/residence/for-sale/1430/rebecq/vbd23129
34,https://immovlan.be/en/detail/residence/for-sale/1430/rebecq/vbd24440
34,https://immovlan.be/en/detail/duplex/for-sale/1430/rebecq/vbd72584
34,https://immovlan.be/en/detail/residence/for-sale/1430/rebecq/vbd61289
34,https://immovlan.be/en/detail/apartment/for-sale/1430/rebecq/vbd28234
34,https://immovlan.be/en/detail/residence/for-sale/1430/rebecq/vbd03832
34,https://immovlan.be/en/detail/residence/for-sale/1430/rebecq/vbd65198
34,https://immovlan.be/en/detail/residence/for-sale/1430/rebecq/vbd79056
35,https://immovlan.be/en/detail/villa/for-sale/1430/rebecq/vbd88043
35,https://immovlan.be/en/detail/residence/for-sale/1430/rebecq/vbd87761
35,https://immovlan.be/en/detail/residence/for-sale/1430/rebecq/vbd87561
35,https://immovlan.be/en/detail/residence/for-sale/1430/rebecq/vbd86786
35,https://immovlan.be/en/detail/residence/for-sale/1430/rebecq/vbd82451
35,https://immovlan.be/en/detail/residence/for-sale/1430/rebecq/vbd80953
35,https://immovlan.be/en/detail/villa/for-sale/1430/rebecq/vbd01534
35,https://immovlan.be/en/detail/residence/for-sale/1430/rebecq/vbd41439
35,https://immovlan.be/en/detail/duplex/for-sale/1430/rebecq/vbc99192
35,https://immovlan.be/en/detail/apartment/for-sale/1430/rebecq/vbd58911
35,https://immovlan.be/en/detail/apartment/for-sale/1430/rebecq/vbc72499
35,https://immovlan.be/en/detail/bungalow/for-sale/1430/rebecq/vbd02198
35,https://immovlan.be/en/detail/residence/for-sale/1430/rebecq/vbd23129
35,https://immovlan.be/en/detail/residence/for-sale/1430/rebecq/vbd24440
35,https://immovlan.be/en/detail/duplex/for-sale/1430/rebecq/vbd72584
35,https://immovlan.be/en/detail/residence/for-sale/1430/rebecq/vbd61289
35,https://immovlan.be/en/detail/apartment/for-sale/1430/rebecq/vbd28234
35,https://immovlan.be/en/detail/residence/for-sale/1430/rebecq/vbd03832
35,https://immovlan.be/en/detail/residence/for-sale/1430/rebecq/vbd65198
35,https://immovlan.be/en/detail/residence/for-sale/1430/rebecq/vbd72502
36,https://immovlan.be/en/detail/villa/for-sale/1430/rebecq/vbd88043
36,https://immovlan.be/en/detail/residence/for-sale/1430/rebecq/vbd87761
36,https://immovlan.be/en/detail/residence/for-sale/1430/rebecq/vbd87561
36,https://immovlan.be/en/detail/residence/for-sale/1430/rebecq/vbd86786
36,https://immovlan.be/en/detail/residence/for-sale/1430/rebecq/vbd82451
36,https://immovlan.be/en/detail/residence/for-sale/1430/rebecq/vbd80953
36,https://immovlan.be/en/detail/villa/for-sale/1430/rebecq/vbd01534
36,https://immovlan.be/en/detail/residence/for-sale/1430/rebecq/vbd41439
36,https://immovlan.be/en/detail/duplex/for-sale/1430/rebecq/vbc99192
36,https://immovlan.be/en/detail/apartment/for-sale/1430/rebecq/vbd58911
36,https://immovlan.be/en/detail/apartment/for-sale/1430/rebecq/vbc72499
36,https://immovlan.be/en/detail/bungalow/for-sale/1430/rebecq/vbd02198
36,https://immovlan.be/en/detail/residence/for-sale/1430/rebecq/vbd23129
36,https://immovlan.be/en/detail/residence/for-sale/1430/rebecq/vbd24440
36,https://immovlan.be/en/detail/duplex/for-sale/1430/rebecq/vbd72584
36,https://immovlan.be/en/detail/residence/for-sale/1430/rebecq/vbd61289
36,https://immovlan.be/en/detail/apartment/for-sale/1430/rebecq/vbd28234
36,https://immovlan.be/en/detail/residence/for-sale/1430/rebecq/vbd03832
36,https://immovlan.be/en/detail/residence/for-sale/1430/rebecq/vbd65198
36,https://immovlan.be/en/detail/residence/for-sale/1430/rebecq/vbd79056
37,https://immovlan.be/en/detail/villa/for-sale/1430/rebecq/vbd88043
37,https://immovlan.be/en/detail/residence/for-sale/1430/rebecq/vbd87761
37,https://immovlan.be/en/detail/residence/for-sale/1430/rebecq/vbd87561
37,https://immovlan.be/en/detail/residence/for-sale/1430/rebecq/vbd86786
37,https://immovlan.be/en/detail/residence/for-sale/1430/rebecq/vbd82451
37,https://immovlan.be/en/detail/residence/for-sale/1430/rebecq/vbd80953
37,https://immovlan.be/en/detail/villa/for-sale/1430/rebecq/vbd01534
37,https://immovlan.be/en/detail/residence/for-sale/1430/rebecq/vbd41439
37,https://immovlan.be/en/detail/duplex/for-sale/1430/rebecq/vbc99192
37,https://immovlan.be/en/detail/apartment/for-sale/1430/rebecq/vbd58911
37,https://immovlan.be/en/detail/apartment/for-sale/1430/rebecq/vbc72499
37,https://immovlan.be/en/detail/bungalow/for-sale/1430/rebecq/vbd02198
37,https://immovlan.be/en/detail/residence/for-sale/1430/rebecq/vbd23129
37,https://immovlan.be/en/detail/residence/for-sale/1430/rebecq/vbd24440
37,https://immovlan.be/en/detail/duplex/for-sale/1430/rebecq/vbd72584
37,https://immovlan.be/en/detail/residence/for-sale/1430/rebecq/vbd61289
37,https://immovlan.be/en/detail/apartment/for-sale/1430/rebecq/vbd28234
37,https://immovlan.be/en/detail/residence/for-sale/1430/rebecq/vbd03832
37,https://immovlan.be/en/detail/residence/for-sale/1430/rebecq/vbd65198
37,https://immovlan.be/en/detail/residence/for-sale/1430/rebecq/vbd79056
38,https://immovlan.be/en/detail/villa/for-sale/1430/rebecq/vbd88043
38,https://immovlan.be/en/detail/residence/for-sale/1430/rebecq/vbd87761
38,https://immovlan.be/en/detail/residence/for-sale/1430/rebecq/vbd87561
38,https://immovlan.be/en/detail/residence/for-sale/1430/rebecq/vbd86786
38,https://immovlan.be/en/detail/residence/for-sale/1430/rebecq/vbd82451
38,https://immovlan.be/en/detail/residence/for-sale/1430/rebecq/vbd80953
38,https://immovlan.be/en/detail/villa/for-sale/1430/rebecq/vbd01534
38,https://immovlan.be/en/detail/residence/for-sale/1430/rebecq/vbd41439
38,https://immovlan.be/en/detail/duplex/for-sale/1430/rebecq/vbc99192
38,https://immovlan.be/en/detail/apartment/for-sale/1430/rebecq/vbd58911
38,https://immovlan.be/en/detail/apartment/for-sale/1430/rebecq/vbc72499
38,https://immovlan.be/en/detail/bungalow/for-sale/1430/rebecq/vbd02198
38,https://immovlan.be/en/detail/residence/for-sale/1430/rebecq/vbd23129
38,https://immovlan.be/en/detail/residence/for-sale/1430/rebecq/vbd24440
38,https://immovlan.be/en/detail/duplex/for-sale/1430/rebecq/vbd72584
38,https://immovlan.be/en/detail/residence/for-sale/1430/rebecq/vbd61289
38,https://immovlan.be/en/detail/apartment/for-sale/1430/rebecq/vbd28234
38,https://immovlan.be/en/detail/residence/for-sale/1430/rebecq/vbd03832
38,https://immovlan.be/en/detail/residence/for-sale/1430/rebecq/vbd65198
38,https://immovlan.be/en/detail/residence/for-sale/1430/rebecq/vbd72502
39,https://immovlan.be/en/detail/villa/for-sale/1430/rebecq/vbd88043
39,https://immovlan.be/en/detail/residence/for-sale/1430/rebecq/vbd87761
39,https://immovlan.be/en/detail/residence/for-sale/1430/rebecq/vbd87561
39,https://immovlan.be/en/detail/residence/for-sale/1430/rebecq/vbd86786
39,https://immovlan.be/en/detail/residence/for-sale/1430/rebecq/vbd82451
39,https://immovlan.be/en/detail/residence/for-sale/1430/rebecq/vbd80953
39,https://immovlan.be/en/detail/villa/for-sale/1430/rebecq/vbd01534
39,https://immovlan.be/en/detail/residence/for-sale/1430/rebecq/vbd41439
39,https://immovlan.be/en/detail/duplex/for-sale/1430/rebecq/vbc99192
39,https://immovlan.be/en/detail/apartment/for-sale/1430/rebecq/vbd58911
39,https://immovlan.be/en/detail/apartment/for-sale/1430/rebecq/vbc72499
39,https://immovlan.be/en/detail/bungalow/for-sale/1430/rebecq/vbd02198
39,https://immovlan.be/en/detail/residence/for-sale/1430/rebecq/vbd23129
39,https://immovlan.be/en/detail/residence/for-sale/1430/rebecq/vbd24440
39,https://immovlan.be/en/detail/duplex/for-sale/1430/rebecq/vbd72584
39,https://immovlan.be/en/detail/residence/for-sale/1430/rebecq/vbd61289
39,https://immovlan.be/en/detail/apartment/for-sale/1430/rebecq/vbd28234
39,https://immovlan.be/en/detail/residence/for-sale/1430/rebecq/vbd03832
39,https://immovlan.be/en/detail/residence/for-sale/1430/rebecq/vbd65198
39,https://immovlan.be/en/detail/residence/for-sale/1430/rebecq/vbd79056
40,https://immovlan.be/en/detail/villa/for-sale/1430/rebecq/vbd88043
40,https://immovlan.be/en/detail/residence/for-sale/1430/rebecq/vbd87761
40,https://immovlan.be/en/detail/residence/for-sale/1430/rebecq/vbd87561
40,https://immovlan.be/en/detail/residence/for-sale/1430/rebecq/vbd86786
40,https://immovlan.be/en/detail/residence/for-sale/1430/rebecq/vbd82451
40,https://immovlan.be/en/detail/residence/for-sale/1430/rebecq/vbd80953
40,https://immovlan.be/en/detail/villa/for-sale/1430/rebecq/vbd01534
40,https://immovlan.be/en/detail/residence/for-sale/1430/rebecq/vbd41439
40,https://immovlan.be/en/detail/duplex/for-sale/1430/rebecq/vbc99192
40,https://immovlan.be/en/detail/apartment/for-sale/1430/rebecq/vbd58911
40,https://immovlan.be/en/detail/apartment/for-sale/1430/rebecq/vbc72499
40,https://immovlan.be/en/detail/bungalow/for-sale/1430/rebecq/vbd02198
40,https://immovlan.be/en/detail/residence/for-sale/1430/rebecq/vbd23129
40,https://immovlan.be/en/detail/residence/for-sale/1430/rebecq/vbd24440
40,https://immovlan.be/en/detail/duplex/for-sale/1430/rebecq/vbd72584
40,https://immovlan.be/en/detail/residence/for-sale/1430/rebecq/vbd61289
40,https://immovlan.be/en/detail/apartment/for-sale/1430/rebecq/vbd28234
40,https://immovlan.be/en/detail/residence/for-sale/1430/rebecq/vbd03832
40,https://immovlan.be/en/detail/residence/for-sale/1430/rebecq/vbd65198
40,https://immovlan.be/en/detail/residence/for-sale/1430/rebecq/vbd79056
41,https://immovlan.be/en/detail/villa/for-sale/1430/rebecq/vbd88043
41,https://immovlan.be/en/detail/residence/for-sale/1430/rebecq/vbd87761
41,https://immovlan.be/en/detail/residence/for-sale/1430/rebecq/vbd87561
41,https://immovlan.be/en/detail/residence/for-sale/1430/rebecq/vbd86786
41,https://immovlan.be/en/detail/residence/for-sale/1430/rebecq/vbd82451
41,https://immovlan.be/en/detail/residence/for-sale/1430/rebecq/vbd80953
41,https://immovlan.be/en/detail/villa/for-sale/1430/rebecq/vbd01534
41,https://immovlan.be/en/detail/residence/for-sale/1430/rebecq/vbd41439
41,https://immovlan.be/en/detail/duplex/for-sale/1430/rebecq/vbc99192
41,https://immovlan.be/en/detail/apartment/for-sale/1430/rebecq/vbd58911
41,https://immovlan.be/en/detail/apartment/for-sale/1430/rebecq/vbc72499
41,https://immovlan.be/en/detail/bungalow/for-sale/1430/rebecq/vbd02198
41,https://immovlan.be/en/detail/residence/for-sale/1430/rebecq/vbd23129
41,https://immovlan.be/en/detail/residence/for-sale/1430/rebecq/vbd24440
41,https://immovlan.be/en/detail/duplex/for-sale/1430/rebecq/vbd72584
41,https://immovlan.be/en/detail/residence/for-sale/1430/rebecq/vbd61289
41,https://immovlan.be/en/detail/apartment/for-sale/1430/rebecq/vbd28234
41,https://immovlan.be/en/detail/residence/for-sale/1430/rebecq/vbd03832
41,https://immovlan.be/en/detail/residence/for-sale/1430/rebecq/vbd65198
41,https://immovlan.be/en/detail/residence/for-sale/1430/rebecq/vbd72502
42,https://immovlan.be/en/detail/villa/for-sale/1430/rebecq/vbd88043
42,https://immovlan.be/en/detail/residence/for-sale/1430/rebecq/vbd87761
42,https://immovlan.be/en/detail/residence/for-sale/1430/rebecq/vbd87561
42,https://immovlan.be/en/detail/residence/for-sale/1430/rebecq/vbd86786
42,https://immovlan.be/en/detail/residence/for-sale/1430/rebecq/vbd82451
42,https://immovlan.be/en/detail/residence/for-sale/1430/rebecq/vbd80953
42,https://immovlan.be/en/detail/villa/for-sale/1430/rebecq/vbd01534
42,https://immovlan.be/en/detail/residence/for-sale/1430/rebecq/vbd41439
42,https://immovlan.be/en/detail/duplex/for-sale/1430/rebecq/vbc99192
42,https://immovlan.be/en/detail/apartment/for-sale/1430/rebecq/vbd58911
42,https://immovlan.be/en/detail/apartment/for-sale/1430/rebecq/vbc72499
42,https://immovlan.be/en/detail/bungalow/for-sale/1430/rebecq/vbd02198
42,https://immovlan.be/en/detail/residence/for-sale/1430/rebecq/vbd23129
42,https://immovlan.be/en/detail/residence/for-sale/1430/rebecq/vbd24440
42,https://immovlan.be/en/detail/duplex/for-sale/1430/rebecq/vbd72584
42,https://immovlan.be/en/detail/residence/for-sale/1430/rebecq/vbd61289
42,https://immovlan.be/en/detail/apartment/for-sale/1430/rebecq/vbd28234
42,https://immovlan.be/en/detail/residence/for-sale/1430/rebecq/vbd03832
42,https://immovlan.be/en/detail/residence/for-sale/1430/rebecq/vbd65198
42,https://immovlan.be/en/detail/residence/for-sale/1430/rebecq/vbd79056
43,https://immovlan.be/en/detail/villa/for-sale/1430/rebecq/vbd88043
43,https://immovlan.be/en/detail/residence/for-sale/1430/rebecq/vbd87761
43,https://immovlan.be/en/detail/residence/for-sale/1430/rebecq/vbd87561
43,https://immovlan.be/en/detail/residence/for-sale/1430/rebecq/vbd86786
43,https://immovlan.be/en/detail/residence/for-sale/1430/rebecq/vbd82451
43,https://immovlan.be/en/detail/residence/for-sale/1430/rebecq/vbd80953
43,https://immovlan.be/en/detail/villa/for-sale/1430/rebecq/vbd01534
43,https://immovlan.be/en/detail/residence/for-sale/1430/rebecq/vbd41439
43,https://immovlan.be/en/detail/duplex/for-sale/1430/rebecq/vbc99192
43,https://immovlan.be/en/detail/apartment/for-sale/1430/rebecq/vbd58911
43,https://immovlan.be/en/detail/apartment/for-sale/1430/rebecq/vbc72499
43,https://immovlan.be/en/detail/bungalow/for-sale/1430/rebecq/vbd02198
43,https://immovlan.be/en/detail/residence/for-sale/1430/rebecq/vbd23129
43,https://immovlan.be/en/detail/residence/for-sale/1430/rebecq/vbd24440
43,https://immovlan.be/en/detail/duplex/for-sale/1430/rebecq/vbd72584
43,https://immovlan.be/en/detail/residence/for-sale/1430/rebecq/vbd61289
43,https://immovlan.be/en/detail/apartment/for-sale/1430/rebecq/vbd28234
43,https://immovlan.be/en/detail/residence/for-sale/1430/rebecq/vbd03832
43,https://immovlan.be/en/detail/residence/for-sale/1430/rebecq/vbd65198
43,https://immovlan.be/en/detail/residence/for-sale/1430/rebecq/vbd72502
44,https://immovlan.be/en/detail/villa/for-sale/1430/rebecq/vbd88043
44,https://immovlan.be/en/detail/residence/for-sale/1430/rebecq/vbd87761
44,https://immovlan.be/en/detail/residence/for-sale/1430/rebecq/vbd87561
44,https://immovlan.be/en/detail/residence/for-sale/1430/rebecq/vbd86786
44,https://immovlan.be/en/detail/residence/for-sale/1430/rebecq/vbd82451
44,https://immovlan.be/en/detail/residence/for-sale/1430/rebecq/vbd80953
44,https://immovlan.be/en/detail/villa/for-sale/1430/rebecq/vbd01534
44,https://immovlan.be/en/detail/residence/for-sale/1430/rebecq/vbd41439
44,https://immovlan.be/en/detail/duplex/for-sale/1430/rebecq/vbc99192
44,https://immovlan.be/en/detail/apartment/for-sale/1430/rebecq/vbd58911
44,https://immovlan.be/en/detail/apartment/for-sale/1430/rebecq/vbc72499
44,https://immovlan.be/en/detail/bungalow/for-sale/1430/rebecq/vbd02198
44,https://immovlan.be/en/detail/residence/for-sale/1430/rebecq/vbd23129
44,https://immovlan.be/en/detail/residence/for-sale/1430/rebecq/vbd24440
44,https://immovlan.be/en/detail/duplex/for-sale/1430/rebecq/vbd72584
44,https://immovlan.be/en/detail/residence/for-sale/1430/rebecq/vbd61289
44,https://immovlan.be/en/detail/apartment/for-sale/1430/rebecq/vbd28234
44,https://immovlan.be/en/detail/residence/for-sale/1430/rebecq/vbd03832
44,https://immovlan.be/en/detail/residence/for-sale/1430/rebecq/vbd65198
44,https://immovlan.be/en/detail/residence/for-sale/1430/rebecq/vbd72502
45,https://immovlan.be/en/detail/villa/for-sale/1430/rebecq/vbd88043
45,https://immovlan.be/en/detail/residence/for-sale/1430/rebecq/vbd87761
45,https://immovlan.be/en/detail/residence/for-sale/1430/rebecq/vbd87561
45,https://immovlan.be/en/detail/residence/for-sale/1430/rebecq/vbd86786
45,https://immovlan.be/en/detail/residence/for-sale/1430/rebecq/vbd82451
45,https://immovlan.be/en/detail/residence/for-sale/1430/rebecq/vbd80953
45,https://immovlan.be/en/detail/villa/for-sale/1430/rebecq/vbd01534
45,https://immovlan.be/en/detail/residence/for-sale/1430/rebecq/vbd41439
45,https://immovlan.be/en/detail/duplex/for-sale/1430/rebecq/vbc99192
45,https://immovlan.be/en/detail/apartment/for-sale/1430/rebecq/vbd58911
45,https://immovlan.be/en/detail/apartment/for-sale/1430/rebecq/vbc72499
45,https://immovlan.be/en/detail/bungalow/for-sale/1430/rebecq/vbd02198
45,https://immovlan.be/en/detail/residence/for-sale/1430/rebecq/vbd23129
45,https://immovlan.be/en/detail/residence/for-sale/1430/rebecq/vbd24440
45,https://immovlan.be/en/detail/duplex/for-sale/1430/rebecq/vbd72584
45,https://immovlan.be/en/detail/residence/for-sale/1430/rebecq/vbd61289
45,https://immovlan.be/en/detail/apartment/for-sale/1430/rebecq/vbd28234
45,https://immovlan.be/en/detail/residence/for-sale/1430/rebecq/vbd03832
45,https://immovlan.be/en/detail/residence/for-sale/1430/rebecq/vbd65198
45,https://immovlan.be/en/detail/residence/for-sale/1430/rebecq/vbd72502
46,https://immovlan.be/en/detail/villa/for-sale/1430/rebecq/vbd88043
46,https://immovlan.be/en/detail/residence/for-sale/1430/rebecq/vbd87761
46,https://immovlan.be/en/detail/residence/for-sale/1430/rebecq/vbd87561
46,https://immovlan.be/en/detail/residence/for-sale/1430/rebecq/vbd86786
46,https://immovlan.be/en/detail/residence/for-sale/1430/rebecq/vbd82451
46,https://immovlan.be/en/detail/residence/for-sale/1430/rebecq/vbd80953
46,https://immovlan.be/en/detail/villa/for-sale/1430/rebecq/vbd01534
46,https://immovlan.be/en/detail/residence/for-sale/1430/rebecq/vbd41439
46,https://immovlan.be/en/detail/duplex/for-sale/1430/rebecq/vbc99192
46,https://immovlan.be/en/detail/apartment/for-sale/1430/rebecq/vbd58911
46,https://immovlan.be/en/detail/apartment/for-sale/1430/rebecq/vbc72499
46,https://immovlan.be/en/detail/bungalow/for-sale/1430/rebecq/vbd02198
46,https://immovlan.be/en/detail/residence/for-sale/1430/rebecq/vbd23129
46,https://immovlan.be/en/detail/residence/for-sale/1430/rebecq/vbd24440
46,https://immovlan.be/en/detail/duplex/for-sale/1430/rebecq/vbd72584
46,https://immovlan.be/en/detail/residence/for-sale/1430/rebecq/vbd61289
46,https://immovlan.be/en/detail/apartment/for-sale/1430/rebecq/vbd28234
46,https://immovlan.be/en/detail/residence/for-sale/1430/rebecq/vbd03832
46,https://immovlan.be/en/detail/residence/for-sale/1430/rebecq/vbd65198
46,https://immovlan.be/en/detail/residence/for-sale/1430/rebecq/vbd72502
47,https://immovlan.be/en/detail/villa/for-sale/1430/rebecq/vbd88043
47,https://immovlan.be/en/detail/residence/for-sale/1430/rebecq/vbd87761
47,https://immovlan.be/en/detail/residence/for-sale/1430/rebecq/vbd87561
47,https://immovlan.be/en/detail/residence/for-sale/1430/rebecq/vbd86786
47,https://immovlan.be/en/detail/residence/for-sale/1430/rebecq/vbd82451
47,https://immovlan.be/en/detail/residence/for-sale/1430/rebecq/vbd80953
47,https://immovlan.be/en/detail/villa/for-sale/1430/rebecq/vbd01534
47,https://immovlan.be/en/detail/residence/for-sale/1430/rebecq/vbd41439
47,https://immovlan.be/en/detail/duplex/for-sale/1430/rebecq/vbc99192
47,https://immovlan.be/en/detail/apartment/for-sale/1430/rebecq/vbd58911
47,https://immovlan.be/en/detail/apartment/for-sale/1430/rebecq/vbc72499
47,https://immovlan.be/en/detail/bungalow/for-sale/1430/rebecq/vbd02198
47,https://immovlan.be/en/detail/residence/for-sale/1430/rebecq/vbd23129
47,https://immovlan.be/en/detail/residence/for-sale/1430/rebecq/vbd24440
47,https://immovlan.be/en/detail/duplex/for-sale/1430/rebecq/vbd72584
47,https://immovlan.be/en/detail/residence/for-sale/1430/rebecq/vbd61289
47,https://immovlan.be/en/detail/apartment/for-sale/1430/rebecq/vbd28234
47,https://immovlan.be/en/detail/residence/for-sale/1430/rebecq/vbd03832
47,https://immovlan.be/en/detail/residence/for-sale/1430/rebecq/vbd65198
47,https://immovlan.be/en/detail/residence/for-sale/1430/rebecq/vbd79056
48,https://immovlan.be/en/detail/villa/for-sale/1430/rebecq/vbd88043
48,https://immovlan.be/en/detail/residence/for-sale/1430/rebecq/vbd87761
48,https://immovlan.be/en/detail/residence/for-sale/1430/rebecq/vbd87561
48,https://immovlan.be/en/detail/residence/for-sale/1430/rebecq/vbd86786
48,https://immovlan.be/en/detail/residence/for-sale/1430/rebecq/vbd82451
48,https://immovlan.be/en/detail/residence/for-sale/1430/rebecq/vbd80953
48,https://immovlan.be/en/detail/villa/for-sale/1430/rebecq/vbd01534
48,https://immovlan.be/en/detail/residence/for-sale/1430/rebecq/vbd41439
48,https://immovlan.be/en/detail/duplex/for-sale/1430/rebecq/vbc99192
48,https://immovlan.be/en/detail/apartment/for-sale/1430/rebecq/vbd58911
48,https://immovlan.be/en/detail/apartment/for-sale/1430/rebecq/vbc72499
48,https://immovlan.be/en/detail/bungalow/for-sale/1430/rebecq/vbd02198
48,https://immovlan.be/en/detail/residence/for-sale/1430/rebecq/vbd23129
48,https://immovlan.be/en/detail/residence/for-sale/1430/rebecq/vbd24440
48,https://immovlan.be/en/detail/duplex/for-sale/1430/rebecq/vbd72584
48,https://immovlan.be/en/detail/residence/for-sale/1430/rebecq/vbd61289
48,https://immovlan.be/en/detail/apartment/for-sale/1430/rebecq/vbd28234
48,https://immovlan.be/en/detail/residence/for-sale/1430/rebecq/vbd03832
48,https://immovlan.be/en/detail/residence/for-sale/1430/rebecq/vbd65198
48,https://immovlan.be/en/detail/residence/for-sale/1430/rebecq/vbd79056
49,https://immovlan.be/en/detail/villa/for-sale/1430/rebecq/vbd88043
49,https://immovlan.be/en/detail/residence/for-sale/1430/rebecq/vbd87761
49,https://immovlan.be/en/detail/residence/for-sale/1430/rebecq/vbd87561
49,https://immovlan.be/en/detail/residence/for-sale/1430/rebecq/vbd86786
49,https://immovlan.be/en/detail/residence/for-sale/1430/rebecq/vbd82451
49,https://immovlan.be/en/detail/residence/for-sale/1430/rebecq/vbd80953
49,https://immovlan.be/en/detail/villa/for-sale/1430/rebecq/vbd01534
49,https://immovlan.be/en/detail/residence/for-sale/1430/rebecq/vbd41439
49,https://immovlan.be/en/detail/duplex/for-sale/1430/rebecq/vbc99192
49,https://immovlan.be/en/detail/apartment/for-sale/1430/rebecq/vbd58911
49,https://immovlan.be/en/detail/apartment/for-sale/1430/rebecq/vbc72499
49,https://immovlan.be/en/detail/bungalow/for-sale/1430/rebecq/vbd02198
49,https://immovlan.be/en/detail/residence/for-sale/1430/rebecq/vbd23129
49,https://immovlan.be/en/detail/residence/for-sale/1430/rebecq/vbd24440
49,https://immovlan.be/en/detail/duplex/for-sale/1430/rebecq/vbd72584
49,https://immovlan.be/en/detail/residence/for-sale/1430/rebecq/vbd61289
49,https://immovlan.be/en/detail/apartment/for-sale/1430/rebecq/vbd28234
49,https://immovlan.be/en/detail/residence/for-sale/1430/rebecq/vbd03832
49,https://immovlan.be/en/detail/residence/for-sale/1430/rebecq/vbd65198
49,https://immovlan.be/en/detail/residence/for-sale/1430/rebecq/vbd79056
Reverse:1,https://immovlan.be/en/detail/apartment/for-sale/1420/braine-l-alleud/vbc93253
Reverse:1,https://immovlan.be/en/detail/residence/for-sale/1420/braine-l-alleud/vbc74709
Reverse:1,https://immovlan.be/en/detail/residence/for-sale/1420/braine-l-alleud/vbc49328
Reverse:1,https://immovlan.be/en/detail/apartment/for-sale/1420/braine-l-alleud/vbc37057
Reverse:1,https://immovlan.be/en/detail/residence/for-sale/1420/braine-l-alleud/vba34603
Reverse:1,https://immovlan.be/en/detail/residence/for-sale/1420/braine-l-alleud/vbb43760
Reverse:1,https://immovlan.be/en/detail/residence/for-sale/1420/braine-l-alleud/vwd15818
Reverse:1,https://immovlan.be/en/detail/residence/for-sale/1420/braine-l-alleud/vwd15817
Reverse:1,https://immovlan.be/en/detail/villa/for-sale/1420/braine-l-alleud/vbd17143
Reverse:1,https://immovlan.be/en/detail/residence/for-sale/1420/braine-l-alleud/vbd17385
Reverse:1,https://immovlan.be/en/detail/penthouse/for-sale/1420/braine-l-alleud/vba03256
Reverse:1,https://immovlan.be/en/detail/villa/for-sale/1420/braine-l-alleud/vbd17967
Reverse:1,https://immovlan.be/en/detail/residence/for-sale/1420/braine-l-alleud/vbd65054
Reverse:1,https://immovlan.be/en/detail/apartment/for-sale/1420/braine-l-alleud/vbd57390
Reverse:1,https://immovlan.be/en/detail/apartment/for-sale/1420/braine-l-alleud/vbd21233
Reverse:1,https://immovlan.be/en/detail/villa/for-sale/1420/braine-l-alleud/vbd09439
Reverse:1,https://immovlan.be/en/detail/residence/for-sale/1420/braine-l-alleud/vbd51018
Reverse:1,https://immovlan.be/en/detail/villa/for-sale/1420/braine-l-alleud/vbd06534
Reverse:1,https://immovlan.be/en/detail/apartment/for-sale/1420/braine-l-alleud/vbc71088
Reverse:1,https://immovlan.be/en/detail/residence/for-sale/1420/braine-l-alleud/vbd15967
Reverse:2,https://immovlan.be/en/detail/apartment/for-sale/1420/braine-l-alleud/vbc71088
Reverse:2,https://immovlan.be/en/detail/residence/for-sale/1420/braine-l-alleud/vbd15967
Reverse:2,https://immovlan.be/en/detail/residence/for-sale/1420/braine-l-alleud/vbb36797
Reverse:2,https://immovlan.be/en/detail/penthouse/for-sale/1420/braine-l-alleud/vbd73757
Reverse:2,https://immovlan.be/en/detail/apartment/for-sale/1420/braine-l-alleud/vbd24153
Reverse:2,https://immovlan.be/en/detail/duplex/for-sale/1420/braine-l-alleud/vbd25748
Reverse:2,https://immovlan.be/en/detail/residence/for-sale/1420/braine-l-alleud/vbd51018
Reverse:2,https://immovlan.be/en/detail/villa/for-sale/1420/braine-l-alleud/vbd26559
Reverse:2,https://immovlan.be/en/detail/apartment/for-sale/1420/braine-l-alleud/vbb36796
Reverse:2,https://immovlan.be/en/detail/villa/for-sale/1420/braine-l-alleud/vbd28071
Reverse:2,https://immovlan.be/en/detail/residence/for-sale/1420/braine-l-alleud/vbd65368
Reverse:2,https://immovlan.be/en/detail/apartment/for-sale/1420/braine-l-alleud/vwd14964
Reverse:2,https://immovlan.be/en/detail/apartment/for-sale/1420/braine-l-alleud/rwc39709
Reverse:2,https://immovlan.be/en/detail/residence/for-sale/1420/braine-l-alleud/vbd68819
Reverse:2,https://immovlan.be/en/detail/apartment/for-sale/1420/braine-l-alleud/vbc93256
Reverse:2,https://immovlan.be/en/detail/residence/for-sale/1420/braine-l-alleud/vbd53656
Reverse:2,https://immovlan.be/en/detail/residence/for-sale/1420/braine-l-alleud/vbd53261
Reverse:2,https://immovlan.be/en/detail/residence/for-sale/1420/braine-l-alleud/vbd46531
Reverse:2,https://immovlan.be/en/detail/apartment/for-sale/1420/braine-l-alleud/vbd67057
Reverse:2,https://immovlan.be/en/detail/apartment/for-sale/1420/braine-l-alleud/vaz50859
Reverse:3,https://immovlan.be/en/detail/apartment/for-sale/1420/braine-l-alleud/vaz50856
Reverse:3,https://immovlan.be/en/detail/residence/for-sale/1420/braine-l-alleud/vbb34452
Reverse:3,https://immovlan.be/en/detail/residence/for-sale/1420/braine-l-alleud/vbd79780
Reverse:3,https://immovlan.be/en/detail/villa/for-sale/1420/braine-l-alleud/vbb77992
Reverse:3,https://immovlan.be/en/detail/residence/for-sale/1420/braine-l-alleud/vbd35674
Reverse:3,https://immovlan.be/en/detail/apartment/for-sale/1420/braine-l-alleud/vbd78021
Reverse:3,https://immovlan.be/en/detail/residence/for-sale/1420/braine-l-alleud/vbd76081
Reverse:3,https://immovlan.be/en/detail/apartment/for-sale/1420/braine-l-alleud/vbd75367
Reverse:3,https://immovlan.be/en/detail/villa/for-sale/1420/braine-l-alleud/vbd07758
Reverse:3,https://immovlan.be/en/detail/apartment/for-sale/1420/braine-l-alleud/vbd74532
Reverse:3,https://immovlan.be/en/detail/apartment/for-sale/1420/braine-l-alleud/vbd74531
Reverse:3,https://immovlan.be/en/detail/villa/for-sale/1410/waterloo/vbd83140
Reverse:3,https://immovlan.be/en/detail/apartment/for-sale/1410/waterloo/vbd90151
Reverse:3,https://immovlan.be/en/detail/duplex/for-sale/1410/waterloo/rbv30526
Reverse:3,https://immovlan.be/en/detail/duplex/for-sale/1410/waterloo/vbd86990
Reverse:3,https://immovlan.be/en/detail/apartment/for-sale/1410/waterloo/vbd86989
Reverse:3,https://immovlan.be/en/detail/apartment/for-sale/1410/waterloo/vbd86988
Reverse:3,https://immovlan.be/en/detail/apartment/for-sale/1410/waterloo/vbd86960
Reverse:3,https://immovlan.be/en/detail/residence/for-sale/1410/waterloo/vbd85857
Reverse:3,https://immovlan.be/en/detail/apartment/for-sale/1410/waterloo/vba19694
Reverse:4,https://immovlan.be/en/detail/villa/for-sale/1410/waterloo/rbv09719
Reverse:4,https://immovlan.be/en/detail/villa/for-sale/1410/waterloo/vbd84640
Reverse:4,https://immovlan.be/en/detail/villa/for-sale/1410/waterloo/vbd84653
Reverse:4,https://immovlan.be/en/detail/villa/for-sale/1410/waterloo/vbd84535
Reverse:4,https://immovlan.be/en/detail/residence/for-sale/1410/waterloo/vbd83656
Reverse:4,https://immovlan.be/en/detail/villa/for-sale/1410/waterloo/vbd82193
Reverse:4,https://immovlan.be/en/detail/villa/for-sale/1410/waterloo/vbd79059
Reverse:4,https://immovlan.be/en/detail/villa/for-sale/1410/waterloo/vbd79058
Reverse:4,https://immovlan.be/en/detail/apartment/for-sale/1410/waterloo/vbd61061
Reverse:4,https://immovlan.be/en/detail/apartment/for-sale/1410/waterloo/vbd59682
Reverse:4,https://immovlan.be/en/detail/villa/for-sale/1410/waterloo/vbc94738
Reverse:4,https://immovlan.be/en/detail/villa/for-sale/1410/waterloo/vwd13951
Reverse:4,https://immovlan.be/en/detail/apartment/for-sale/1410/waterloo/vbc88415
Reverse:4,https://immovlan.be/en/detail/villa/for-sale/1410/waterloo/vbc93712
Reverse:4,https://immovlan.be/en/detail/apartment/for-sale/1410/waterloo/vba56136
Reverse:4,https://immovlan.be/en/detail/residence/for-sale/1410/waterloo/vbd40693
Reverse:4,https://immovlan.be/en/detail/villa/for-sale/1410/waterloo/vwd09945
Reverse:4,https://immovlan.be/en/detail/apartment/for-sale/1410/waterloo/vbd34693
Reverse:4,https://immovlan.be/en/detail/apartment/for-sale/1410/waterloo/vbc01296
Reverse:5,https://immovlan.be/en/detail/villa/for-sale/1410/waterloo/vbc44704
Reverse:5,https://immovlan.be/en/detail/apartment/for-sale/1410/waterloo/vbd30235
Reverse:5,https://immovlan.be/en/detail/villa/for-sale/1410/waterloo/vbd36870
Reverse:5,https://immovlan.be/en/detail/duplex/for-sale/1410/waterloo/vbc65481
Reverse:5,https://immovlan.be/en/detail/residence/for-sale/1410/waterloo/vbd39810
Reverse:5,https://immovlan.be/en/detail/apartment/for-sale/1410/waterloo/rbu90670
Reverse:5,https://immovlan.be/en/detail/apartment/for-sale/1410/waterloo/rbu90669
Reverse:5,https://immovlan.be/en/detail/apartment/for-sale/1410/waterloo/rbu90668
Reverse:5,https://immovlan.be/en/detail/residence/for-sale/1410/waterloo/vbd64969
Reverse:5,https://immovlan.be/en/detail/residence/for-sale/1410/waterloo/vwd15992
Reverse:5,https://immovlan.be/en/detail/apartment/for-sale/1410/waterloo/vbd56609
Reverse:5,https://immovlan.be/en/detail/residence/for-sale/1410/waterloo/vbd40765
Reverse:5,https://immovlan.be/en/detail/villa/for-sale/1410/waterloo/vbd16149
Reverse:5,https://immovlan.be/en/detail/residence/for-sale/1410/waterloo/vbd41712
Reverse:5,https://immovlan.be/en/detail/penthouse/for-sale/1410/waterloo/vaz24115
Reverse:5,https://immovlan.be/en/detail/villa/for-sale/1410/waterloo/vbd61855
Reverse:5,https://immovlan.be/en/detail/apartment/for-sale/1410/waterloo/vbd08196
Reverse:5,https://immovlan.be/en/detail/residence/for-sale/1410/waterloo/vbd44203
Reverse:5,https://immovlan.be/en/detail/apartment/for-sale/1410/waterloo/vbd20644
Reverse:5,https://immovlan.be/en/detail/villa/for-sale/1410/waterloo/vbd08243
Reverse:6,https://immovlan.be/en/detail/apartment/for-sale/1410/waterloo/vbd21992
Reverse:6,https://immovlan.be/en/detail/villa/for-sale/1410/waterloo/vwd14748
Reverse:6,https://immovlan.be/en/detail/apartment/for-sale/1410/waterloo/vbd20815
Reverse:6,https://immovlan.be/en/detail/villa/for-sale/1410/waterloo/vbd09641
Reverse:6,https://immovlan.be/en/detail/apartment/for-sale/1410/waterloo/vbd00164
Reverse:6,https://immovlan.be/en/detail/penthouse/for-sale/1410/waterloo/vbc89889
Reverse:6,https://immovlan.be/en/detail/villa/for-sale/1410/waterloo/vbd02043
Reverse:6,https://immovlan.be/en/detail/apartment/for-sale/1410/waterloo/vbd13685
Reverse:6,https://immovlan.be/en/detail/villa/for-sale/1410/waterloo/vbd14750
Reverse:6,https://immovlan.be/en/detail/villa/for-sale/1410/waterloo/vbd20540
Reverse:6,https://immovlan.be/en/detail/villa/for-sale/1410/waterloo/vbc90126
Reverse:6,https://immovlan.be/en/detail/residence/for-sale/1410/waterloo/vbc90902
Reverse:6,https://immovlan.be/en/detail/villa/for-sale/1410/waterloo/vbb98697
Reverse:6,https://immovlan.be/en/detail/apartment/for-sale/1410/waterloo/vbd26293
Reverse:6,https://immovlan.be/en/detail/residence/for-sale/1410/waterloo/vbd31192
Reverse:6,https://immovlan.be/en/detail/apartment/for-sale/1410/waterloo/vbd26294
Reverse:6,https://immovlan.be/en/detail/residence/for-sale/1410/waterloo/vbd35396
Reverse:6,https://immovlan.be/en/detail/villa/for-sale/1410/waterloo/vbd52935
Reverse:6,https://immovlan.be/en/detail/residence/for-sale/1410/waterloo/vbd38452
Reverse:6,https://immovlan.be/en/detail/residence/for-sale/1410/waterloo/vbd44152
Reverse:7,https://immovlan.be/en/detail/residence/for-sale/1410/waterloo/vbd31192
Reverse:7,https://immovlan.be/en/detail/apartment/for-sale/1410/waterloo/vbd26294
Reverse:7,https://immovlan.be/en/detail/villa/for-sale/1410/waterloo/vbd52935
Reverse:7,https://immovlan.be/en/detail/villa/for-sale/1410/waterloo/vbd64615
Reverse:7,https://immovlan.be/en/detail/villa/for-sale/1410/waterloo/vbd02043
Reverse:7,https://immovlan.be/en/detail/apartment/for-sale/1410/waterloo/vbd13685
Reverse:7,https://immovlan.be/en/detail/villa/for-sale/1410/waterloo/vbd14750
Reverse:7,https://immovlan.be/en/detail/villa/for-sale/1410/waterloo/vbd20540
Reverse:7,https://immovlan.be/en/detail/villa/for-sale/1410/waterloo/vbd60841
Reverse:7,https://immovlan.be/en/detail/residence/for-sale/1410/waterloo/vbd24476
Reverse:7,https://immovlan.be/en/detail/villa/for-sale/1410/waterloo/vbd64402
Reverse:7,https://immovlan.be/en/detail/residence/for-sale/1410/waterloo/vbd73049
Reverse:7,https://immovlan.be/en/detail/villa/for-sale/1410/waterloo/vbd09743
Reverse:7,https://immovlan.be/en/detail/residence/for-sale/1410/waterloo/vbd02678
Reverse:7,https://immovlan.be/en/detail/villa/for-sale/1410/waterloo/vbd50566
Reverse:7,https://immovlan.be/en/detail/residence/for-sale/1410/waterloo/vbd21993
Reverse:7,https://immovlan.be/en/detail/duplex/for-sale/1410/waterloo/vbd74709
Reverse:7,https://immovlan.be/en/detail/villa/for-sale/1410/waterloo/vbd28070
Reverse:7,https://immovlan.be/en/detail/villa/for-sale/1410/waterloo/vbd74710
Reverse:7,https://immovlan.be/en/detail/villa/for-sale/1410/waterloo/vbd31569
