1,https://immovlan.be/en/detail/residence/for-sale/6600/bastogne/vbd89303
1,https://immovlan.be/en/detail/residence/for-sale/6600/bastogne/vbd89170
1,https://immovlan.be/en/detail/apartment/for-sale/6600/bastogne/vbd87089
1,https://immovlan.be/en/detail/residence/for-sale/6600/bastogne/vbd86001
1,https://immovlan.be/en/detail/residence/for-sale/6600/bastogne/rwc41712
1,https://immovlan.be/en/detail/residence/for-sale/6600/bastogne/rwc41711
1,https://immovlan.be/en/detail/apartment/for-sale/6600/bastogne/vbd78825
1,https://immovlan.be/en/detail/residence/for-sale/6600/bastogne/vbd72800
1,https://immovlan.be/en/detail/apartment/for-sale/6600/bastogne/vbd77851
1,https://immovlan.be/en/detail/residence/for-sale/6600/bastogne/vbd65275
1,https://immovlan.be/en/detail/apartment/for-sale/6600/bastogne/vbd54018
1,https://immovlan.be/en/detail/residence/for-sale/6600/bastogne/vbd64385
1,https://immovlan.be/en/detail/apartment/for-sale/6600/bastogne/vbd83681
1,https://immovlan.be/en/detail/residence/for-sale/6600/bastogne/vbd56079
1,https://immovlan.be/en/detail/residence/for-sale/6600/bastogne/vbd25331
1,https://immovlan.be/en/detail/residence/for-sale/6600/bastogne/vbd78974
1,https://immovlan.be/en/detail/apartment/for-sale/6600/bastogne/vbd56957
1,https://immovlan.be/en/detail/residence/for-sale/6600/bastogne/vbd66342
2,https://immovlan.be/en/detail/chalet/for-sale/6600/bastogne/vbd84034
2,https://immovlan.be/en/detail/residence/for-sale/6600/bastogne/vbd85999
2,https://immovlan.be/en/detail/chalet/for-sale/6600/bastogne/vbd80778
2,https://immovlan.be/en/detail/residence/for-sale/6600/bastogne/vbc44416
2,https://immovlan.be/en/detail/residence/for-sale/6600/bastogne/vbd11417
2,https://immovlan.be/en/detail/residence/for-sale/6600/bastogne/vbc95681
2,https://immovlan.be/en/detail/apartment/for-sale/6600/bastogne/vbc73546
2,https://immovlan.be/en/detail/residence/for-sale/6600/bastogne/vbd23972
2,https://immovlan.be/en/detail/residence/for-sale/6600/bastogne/vbd32721
2,https://immovlan.be/en/detail/apartment/for-sale/6600/bastogne/vbd57472
2,https://immovlan.be/en/detail/residence/for-sale/6630/martelange/vbd85866
2,https://immovlan.be/en/detail/residence/for-sale/6630/martelange/vbd78237
2,https://immovlan.be/en/detail/residence/for-sale/6630/martelange/vbd45436
2,https://immovlan.be/en/detail/residence/for-sale/6630/martelange/vbb63662
2,https://immovlan.be/en/detail/residence/for-sale/6630/martelange/vbd79234
2,https://immovlan.be/en/detail/residence/for-sale/6630/martelange/vbd60267
2,https://immovlan.be/en/detail/residence/for-sale/6630/martelange/vbc85122
2,https://immovlan.be/en/detail/residence/for-sale/6630/martelange/vbd36955
2,https://immovlan.be/en/detail/residence/for-sale/6630/martelange/vwd16258
2,https://immovlan.be/en/detail/residence/for-sale/6630/martelange/vbd86350
3,https://immovlan.be/en/detail/apartment/for-sale/6640/vaux-sur-sure/vbd80672
3,https://immovlan.be/en/detail/residence/for-sale/6640/vaux-sur-sure/vbd44269
3,https://immovlan.be/en/detail/residence/for-sale/6640/vaux-sur-sure/vbd39855
3,https://immovlan.be/en/detail/residence/for-sale/6640/vaux-sur-sure/vbd57910
3,https://immovlan.be/en/detail/villa/for-sale/6640/vaux-sur-sure/vbd07755
3,https://immovlan.be/en/detail/residence/for-sale/6640/vaux-sur-sure/vbd07735
3,https://immovlan.be/en/detail/villa/for-sale/6640/vaux-sur-sure/vbc83130
3,https://immovlan.be/en/detail/apartment/for-sale/6640/vaux-sur-sure/vbc62597
3,https://immovlan.be/en/detail/residence/for-sale/6640/vaux-sur-sure/vbc67254
3,https://immovlan.be/en/detail/residence/for-sale/6640/vaux-sur-sure/vbd09526
3,https://immovlan.be/en/detail/residence/for-sale/6640/sibret/vbc69630
3,https://immovlan.be/en/detail/residence/for-sale/6640/morhet/vbd75432
3,https://immovlan.be/en/detail/residence/for-sale/6640/sibret/vbc69631
3,https://immovlan.be/en/detail/apartment/for-sale/6640/sibret/vbc19054
3,https://immovlan.be/en/detail/residence/for-sale/6640/morhet/vbd22776
3,https://immovlan.be/en/detail/villa/for-sale/6660/houffalize/vbd90245
3,https://immovlan.be/en/detail/residence/for-sale/6660/houffalize/vbd89302
3,https://immovlan.be/en/detail/residence/for-sale/6660/houffalize/vbc59252
3,https://immovlan.be/en/detail/residence/for-sale/6660/houffalize/vbd32655
3,https://immovlan.be/en/detail/residence/for-sale/6660/houffalize/vbd50314
4,https://immovlan.be/en/detail/residence/for-sale/6660/houffalize/vbc87496
4,https://immovlan.be/en/detail/residence/for-sale/6660/houffalize/vbd68895
4,https://immovlan.be/en/detail/residence/for-sale/6660/houffalize/vbd79192
4,https://immovlan.be/en/detail/residence/for-sale/6660/houffalize/vbd84132
4,https://immovlan.be/en/detail/apartment/for-sale/6660/houffalize/rbu81954
4,https://immovlan.be/en/detail/residence/for-sale/6660/houffalize/vbd42727
4,https://immovlan.be/en/detail/residence/for-sale/6660/houffalize/vbc74847
4,https://immovlan.be/en/detail/residence/for-sale/6660/nadrin/vbd07662
4,https://immovlan.be/en/detail/residence/for-sale/6661/mont/vbd12526
4,https://immovlan.be/en/detail/residence/for-sale/6661/mont/vbd55629
4,https://immovlan.be/en/detail/residence/for-sale/6661/mont/vbd70513
4,https://immovlan.be/en/detail/residence/for-sale/6661/mont/vbd80328
4,https://immovlan.be/en/detail/residence/for-sale/6666/wibrin/vwd16729
4,https://immovlan.be/en/detail/residence/for-sale/6666/wibrin/vbd60409
4,https://immovlan.be/en/detail/residence/for-sale/6666/wibrin/vbd27768
4,https://immovlan.be/en/detail/residence/for-sale/6670/gouvy/vbd89171
4,https://immovlan.be/en/detail/chalet/for-sale/6670/gouvy/vbd60506
4,https://immovlan.be/en/detail/residence/for-sale/6670/gouvy/vbd45017
4,https://immovlan.be/en/detail/residence/for-sale/6670/gouvy/vbd25337
4,https://immovlan.be/en/detail/chalet/for-sale/6670/gouvy/vbd54052
5,https://immovlan.be/en/detail/residence/for-sale/6670/gouvy/vbc59899
5,https://immovlan.be/en/detail/residence/for-sale/6670/limerle/vbd63989
5,https://immovlan.be/en/detail/residence/for-sale/6670/limerle/vbd36252
5,https://immovlan.be/en/detail/apartment/for-sale/6672/beho/vbd07597
5,https://immovlan.be/en/detail/residence/for-sale/6680/sainte-ode/rbv31030
5,https://immovlan.be/en/detail/chalet/for-sale/6680/amberloup/vbd07697
5,https://immovlan.be/en/detail/chalet/for-sale/6680/amberloup/vbd07714
5,https://immovlan.be/en/detail/residence/for-sale/6687/bertogne/vbd07771
5,https://immovlan.be/en/detail/residence/for-sale/6687/bertogne/vbd54698
5,https://immovlan.be/en/detail/residence/for-sale/6687/bertogne/vbd40797
5,https://immovlan.be/en/detail/residence/for-sale/6687/bertogne/vbd07155
5,https://immovlan.be/en/detail/residence/for-sale/6688/longchamps/rwc41732
5,https://immovlan.be/en/detail/residence/for-sale/6690/vielsalm/vbd62029
5,https://immovlan.be/en/detail/duplex/for-sale/6690/vielsalm/vbd04536
5,https://immovlan.be/en/detail/apartment/for-sale/6690/vielsalm/vbd20127
5,https://immovlan.be/en/detail/residence/for-sale/6690/vielsalm/vbd12566
5,https://immovlan.be/en/detail/penthouse/for-sale/6690/vielsalm/vbd63992
5,https://immovlan.be/en/detail/apartment/for-sale/6690/vielsalm/vbc19283
5,https://immovlan.be/en/detail/villa/for-sale/6690/vielsalm/vbd71614
5,https://immovlan.be/en/detail/residence/for-sale/6690/vielsalm/vbc73137
6,https://immovlan.be/en/detail/residence/for-sale/6690/vielsalm/vbd07713
6,https://immovlan.be/en/detail/villa/for-sale/6690/vielsalm/vbd07677
6,https://immovlan.be/en/detail/villa/for-sale/6690/vielsalm/vbd07725
6,https://immovlan.be/en/detail/residence/for-sale/6690/vielsalm/vbd07762
6,https://immovlan.be/en/detail/residence/for-sale/6692/petit-thier/vbd27973
6,https://immovlan.be/en/detail/residence/for-sale/6692/petit-thier/vbd44205
6,https://immovlan.be/en/detail/residence/for-sale/6698/grand-halleux/vbd59949
6,https://immovlan.be/en/detail/apartment/for-sale/6700/arlon/vbd90098
6,https://immovlan.be/en/detail/apartment/for-sale/6700/arlon/vbd89684
6,https://immovlan.be/en/detail/duplex/for-sale/6700/arlon/vbd89668
6,https://immovlan.be/en/detail/residence/for-sale/6700/arlon/vbd89667
6,https://immovlan.be/en/detail/apartment/for-sale/6700/arlon/vbd80117
6,https://immovlan.be/en/detail/apartment/for-sale/6700/arlon/vbd89287
6,https://immovlan.be/en/detail/residence/for-sale/6700/arlon/vbd88749
6,https://immovlan.be/en/detail/residence/for-sale/6700/arlon/vbd88683
6,https://immovlan.be/en/detail/apartment/for-sale/6700/arlon/vbd88631
6,https://immovlan.be/en/detail/apartment/for-sale/6700/arlon/vbd87677
6,https://immovlan.be/en/detail/apartment/for-sale/6700/arlon/vbd87451
7,https://immovlan.be/en/detail/apartment/for-sale/6700/arlon/vbd86528
7,https://immovlan.be/en/detail/apartment/for-sale/6700/arlon/vbd86249
7,https://immovlan.be/en/detail/apartment/for-sale/6700/arlon/vbd73077
7,https://immovlan.be/en/detail/apartment/for-sale/6700/arlon/vbd67484
7,https://immovlan.be/en/detail/apartment/for-sale/6700/arlon/vbd06555
7,https://immovlan.be/en/detail/residence/for-sale/6700/arlon/vbd32756
7,https://immovlan.be/en/detail/apartment/for-sale/6700/arlon/vbd06554
7,https://immovlan.be/en/detail/apartment/for-sale/6700/arlon/vbd85539
7,https://immovlan.be/en/detail/apartment/for-sale/6700/arlon/vbd84579
7,https://immovlan.be/en/detail/apartment/for-sale/6700/arlon/vbd84152
7,https://immovlan.be/en/detail/residence/for-sale/6700/arlon/vbd84151
7,https://immovlan.be/en/detail/apartment/for-sale/6700/arlon/vbd84149
7,https://immovlan.be/en/detail/residence/for-sale/6700/arlon/rwc41799
8,https://immovlan.be/en/detail/residence/for-sale/6700/arlon/vbd83153
8,https://immovlan.be/en/detail/residence/for-sale/6700/arlon/vbd79749
8,https://immovlan.be/en/detail/residence/for-sale/6700/arlon/vbd46142
8,https://immovlan.be/en/detail/apartment/for-sale/6700/arlon/vbd61396
8,https://immovlan.be/en/detail/apartment/for-sale/6700/arlon/vbc72563
8,https://immovlan.be/en/detail/apartment/for-sale/6700/arlon/vbc72562
8,https://immovlan.be/en/detail/apartment/for-sale/6700/arlon/vbc72554
8,https://immovlan.be/en/detail/apartment/for-sale/6700/arlon/vbc72553
8,https://immovlan.be/en/detail/apartment/for-sale/6700/arlon/vwd12862
8,https://immovlan.be/en/detail/apartment/for-sale/6700/arlon/vbd32693
8,https://immovlan.be/en/detail/residence/for-sale/6700/arlon/vbc92895
8,https://immovlan.be/en/detail/apartment/for-sale/6700/arlon/vbc83183
8,https://immovlan.be/en/detail/apartment/for-sale/6700/arlon/vbc72557
8,https://immovlan.be/en/detail/residence/for-sale/6700/arlon/vbd70865
8,https://immovlan.be/en/detail/apartment/for-sale/6700/arlon/vwd15945
8,https://immovlan.be/en/detail/residence/for-sale/6700/arlon/vbd74527
8,https://immovlan.be/en/detail/apartment/for-sale/6700/arlon/vbd56064
8,https://immovlan.be/en/detail/residence/for-sale/6700/arlon/vbd75705
8,https://immovlan.be/en/detail/residence/for-sale/6700/arlon/vbd74590
8,https://immovlan.be/en/detail/apartment/for-sale/6700/arlon/vbd41946
9,https://immovlan.be/en/detail/apartment/for-sale/6700/arlon/vbc73643
9,https://immovlan.be/en/detail/apartment/for-sale/6700/arlon/vbd72739
9,https://immovlan.be/en/detail/apartment/for-sale/6700/arlon/vbd71320
9,https://immovlan.be/en/detail/residence/for-sale/6700/arlon/vbd74592
9,https://immovlan.be/en/detail/residence/for-sale/6700/arlon/vbd69918
9,https://immovlan.be/en/detail/residence/for-sale/6700/arlon/vbd74593
9,https://immovlan.be/en/detail/apartment/for-sale/6700/arlon/vbc35028
9,https://immovlan.be/en/detail/residence/for-sale/6700/arlon/vbd72239
9,https://immovlan.be/en/detail/residence/for-sale/6700/arlon/vbd82683
9,https://immovlan.be/en/detail/residence/for-sale/6700/arlon/vbd69369
9,https://immovlan.be/en/detail/residence/for-sale/6700/arlon/vbd56652
9,https://immovlan.be/en/detail/apartment/for-sale/6700/arlon/vbc75854
9,https://immovlan.be/en/detail/apartment/for-sale/6700/arlon/vbd62280
9,https://immovlan.be/en/detail/residence/for-sale/6700/arlon/vbd85795
9,https://immovlan.be/en/detail/residence/for-sale/6700/arlon/vbd62514
9,https://immovlan.be/en/detail/residence/for-sale/6700/arlon/vbc74868
9,https://immovlan.be/en/detail/residence/for-sale/6700/arlon/vbd57271
9,https://immovlan.be/en/detail/apartment/for-sale/6700/arlon/vbc82790
9,https://immovlan.be/en/detail/apartment/for-sale/6700/arlon/vbd80673
9,https://immovlan.be/en/detail/apartment/for-sale/6700/arlon/vbd83965
10,https://immovlan.be/en/detail/residence/for-sale/6700/arlon/vbc75170
10,https://immovlan.be/en/detail/residence/for-sale/6700/arlon/vbd80983
10,https://immovlan.be/en/detail/apartment/for-sale/6700/arlon/vbd75370
10,https://immovlan.be/en/detail/apartment/for-sale/6700/arlon/vbd75433
10,https://immovlan.be/en/detail/residence/for-sale/6700/arlon/vbd68586
10,https://immovlan.be/en/detail/residence/for-sale/6700/arlon/vbd84574
10,https://immovlan.be/en/detail/apartment/for-sale/6700/arlon/vbd64311
10,https://immovlan.be/en/detail/apartment/for-sale/6700/arlon/vbd78267
10,https://immovlan.be/en/detail/residence/for-sale/6700/arlon/vbd38950
10,https://immovlan.be/en/detail/residence/for-sale/6700/arlon/vbd75665
10,https://immovlan.be/en/detail/residence/for-sale/6700/arlon/vbd75654
10,https://immovlan.be/en/detail/duplex/for-sale/6700/arlon/vbd75277
10,https://immovlan.be/en/detail/residence/for-sale/6700/arlon/vbd73679
10,https://immovlan.be/en/detail/apartment/for-sale/6700/arlon/vbd72740
10,https://immovlan.be/en/detail/apartment/for-sale/6700/arlon/vbd72738
10,https://immovlan.be/en/detail/apartment/for-sale/6700/arlon/vbd72737
10,https://immovlan.be/en/detail/apartment/for-sale/6700/arlon/vbd72736
10,https://immovlan.be/en/detail/residence/for-sale/6700/arlon/vbd71976
10,https://immovlan.be/en/detail/apartment/for-sale/6700/arlon/vbd71636
10,https://immovlan.be/en/detail/residence/for-sale/6700/heinsch/vwd15212
11,https://immovlan.be/en/detail/residence/for-sale/6717/attert/vbd87071
11,https://immovlan.be/en/detail/residence/for-sale/6717/attert/vbd82199
11,https://immovlan.be/en/detail/apartment/for-sale/6717/attert/vbd72248
11,https://immovlan.be/en/detail/residence/for-sale/6717/thiaumont/vbd80360
11,https://immovlan.be/en/detail/residence/for-sale/6717/nothomb/vbd54716
11,https://immovlan.be/en/detail/residence/for-sale/6720/habay/vbd89924
11,https://immovlan.be/en/detail/apartment/for-sale/6720/habay/vbd89751
11,https://immovlan.be/en/detail/residence/for-sale/6720/habay/vbd02464
11,https://immovlan.be/en/detail/residence/for-sale/6720/habay-la-neuve/vbd86844
11,https://immovlan.be/en/detail/residence/for-sale/6720/habay-la-neuve/vbd75683
11,https://immovlan.be/en/detail/residence/for-sale/6720/habay-la-neuve/vbd69678
11,https://immovlan.be/en/detail/residence/for-sale/6720/habay-la-neuve/vwd16220
11,https://immovlan.be/en/detail/residence/for-sale/6724/houdemont/vbd88309
11,https://immovlan.be/en/detail/residence/for-sale/6724/houdemont/vbd48241
11,https://immovlan.be/en/detail/residence/for-sale/6724/houdemont/vbd48239
12,https://immovlan.be/en/detail/apartment/for-sale/6730/tintigny/vbd86329
12,https://immovlan.be/en/detail/duplex/for-sale/6730/tintigny/vbd75681
12,https://immovlan.be/en/detail/residence/for-sale/6730/tintigny/vbd78632
12,https://immovlan.be/en/detail/residence/for-sale/6730/tintigny/vbb71611
12,https://immovlan.be/en/detail/apartment/for-sale/6730/tintigny/vbd75668
12,https://immovlan.be/en/detail/apartment/for-sale/6730/tintigny/vbd75673
12,https://immovlan.be/en/detail/apartment/for-sale/6730/tintigny/vbd75371
12,https://immovlan.be/en/detail/apartment/for-sale/6730/tintigny/vbd75670
12,https://immovlan.be/en/detail/apartment/for-sale/6730/tintigny/vbd75669
12,https://immovlan.be/en/detail/residence/for-sale/6730/bellefontaine/vbd75694
12,https://immovlan.be/en/detail/residence/for-sale/6730/rossignol/vbd77184
12,https://immovlan.be/en/detail/residence/for-sale/6740/etalle/vbd87678
12,https://immovlan.be/en/detail/residence/for-sale/6740/etalle/vbd75697
12,https://immovlan.be/en/detail/residence/for-sale/6740/etalle/vbd81692
12,https://immovlan.be/en/detail/residence/for-sale/6740/etalle/vbd33322
12,https://immovlan.be/en/detail/residence/for-sale/6740/villers-sur-semois/vbd75666
12,https://immovlan.be/en/detail/residence/for-sale/6741/vance/vbd81586
12,https://immovlan.be/en/detail/residence/for-sale/6747/saint-leger/vwd16040
13,https://immovlan.be/en/detail/residence/for-sale/6747/saint-leger/vbc93191
13,https://immovlan.be/en/detail/residence/for-sale/6747/saint-leger/vbd75701
13,https://immovlan.be/en/detail/residence/for-sale/6747/saint-leger/vbd80323
13,https://immovlan.be/en/detail/residence/for-sale/6747/saint-leger/vbd79439
13,https://immovlan.be/en/detail/apartment/for-sale/6747/saint-leger/vbd12552
13,https://immovlan.be/en/detail/residence/for-sale/6747/chatillon/vbd89983
13,https://immovlan.be/en/detail/residence/for-sale/6747/meix-le-tige/vbd84347
13,https://immovlan.be/en/detail/residence/for-sale/6747/chatillon/vbd44541
13,https://immovlan.be/en/detail/residence/for-sale/6747/chatillon/vbd75679
13,https://immovlan.be/en/detail/residence/for-sale/6747/meix-le-tige/vbd75700
13,https://immovlan.be/en/detail/residence/for-sale/6747/chatillon/vbd75661
13,https://immovlan.be/en/detail/residence/for-sale/6747/meix-le-tige/vwd15631
13,https://immovlan.be/en/detail/residence/for-sale/6750/musson/vbd87899
13,https://immovlan.be/en/detail/apartment/for-sale/6750/musson/vbd79444
13,https://immovlan.be/en/detail/residence/for-sale/6750/musson/vbd75689
13,https://immovlan.be/en/detail/residence/for-sale/6750/musson/vbc65074
13,https://immovlan.be/en/detail/residence/for-sale/6750/musson/vbd84153
13,https://immovlan.be/en/detail/residence/for-sale/6750/mussy-la-ville/vbd75674
13,https://immovlan.be/en/detail/residence/for-sale/6760/virton/vbd78904
14,https://immovlan.be/en/detail/apartment/for-sale/6760/virton/vbc89600
14,https://immovlan.be/en/detail/residence/for-sale/6760/virton/vaz07615
14,https://immovlan.be/en/detail/apartment/for-sale/6760/virton/vbd50719
14,https://immovlan.be/en/detail/residence/for-sale/6760/virton/vbd67220
14,https://immovlan.be/en/detail/residence/for-sale/6760/virton/vbd58721
14,https://immovlan.be/en/detail/residence/for-sale/6760/virton/vbd50116
14,https://immovlan.be/en/detail/residence/for-sale/6760/virton/vbd75693
14,https://immovlan.be/en/detail/residence/for-sale/6760/virton/vbd44755
14,https://immovlan.be/en/detail/apartment/for-sale/6760/virton/vbd79446
14,https://immovlan.be/en/detail/residence/for-sale/6760/virton/vbd75680
14,https://immovlan.be/en/detail/residence/for-sale/6760/virton/vbd82375
14,https://immovlan.be/en/detail/residence/for-sale/6760/virton/vbd75820
14,https://immovlan.be/en/detail/residence/for-sale/6760/virton/vbd75675
14,https://immovlan.be/en/detail/residence/for-sale/6760/bleid/vbd49716
14,https://immovlan.be/en/detail/residence/for-sale/6760/bleid/vbd76521
14,https://immovlan.be/en/detail/residence/for-sale/6760/bleid/vbd75702
14,https://immovlan.be/en/detail/apartment/for-sale/6762/saint-mard/vwd16671
14,https://immovlan.be/en/detail/residence/for-sale/6762/saint-mard/vbd84348
14,https://immovlan.be/en/detail/apartment/for-sale/6762/saint-mard/vbd29389
14,https://immovlan.be/en/detail/residence/for-sale/6762/saint-mard/vbd75696
15,https://immovlan.be/en/detail/residence/for-sale/6762/saint-mard/vbd65627
15,https://immovlan.be/en/detail/residence/for-sale/6762/saint-mard/vbd40835
15,https://immovlan.be/en/detail/residence/for-sale/6762/saint-mard/vbd56173
15,https://immovlan.be/en/detail/residence/for-sale/6762/saint-mard/vbd74295
15,https://immovlan.be/en/detail/residence/for-sale/6767/torgny/vbd29953
15,https://immovlan.be/en/detail/residence/for-sale/6767/lamorteau/vbd75684
15,https://immovlan.be/en/detail/residence/for-sale/6767/dampicourt/vbd75690
15,https://immovlan.be/en/detail/residence/for-sale/6767/torgny/vbd72529
15,https://immovlan.be/en/detail/residence/for-sale/6767/dampicourt/vbd53310
15,https://immovlan.be/en/detail/apartment/for-sale/6767/harnoncourt/rbu72399
15,https://immovlan.be/en/detail/residence/for-sale/6767/dampicourt/vbd37919
15,https://immovlan.be/en/detail/residence/for-sale/6767/lamorteau/vbd07660
15,https://immovlan.be/en/detail/residence/for-sale/6769/meix-devant-virton/vbd89064
15,https://immovlan.be/en/detail/apartment/for-sale/6769/meix-devant-virton/vbd85471
15,https://immovlan.be/en/detail/villa/for-sale/6769/meix-devant-virton/vbd65899
15,https://immovlan.be/en/detail/residence/for-sale/6769/meix-devant-virton/vbd42691
15,https://immovlan.be/en/detail/residence/for-sale/6769/meix-devant-virton/vbc93438
15,https://immovlan.be/en/detail/residence/for-sale/6769/gerouville/vbd87956
15,https://immovlan.be/en/detail/residence/for-sale/6769/gerouville/vbd79447
16,https://immovlan.be/en/detail/residence/for-sale/6769/sommethonne/vbd56423
16,https://immovlan.be/en/detail/residence/for-sale/6769/gerouville/vbd31791
16,https://immovlan.be/en/detail/residence/for-sale/6780/messancy/vbd33830
16,https://immovlan.be/en/detail/apartment/for-sale/6780/messancy/vbd86068
16,https://immovlan.be/en/detail/apartment/for-sale/6780/messancy/vbd82200
16,https://immovlan.be/en/detail/residence/for-sale/6780/messancy/vwd13155
16,https://immovlan.be/en/detail/residence/for-sale/6780/messancy/vwd14983
16,https://immovlan.be/en/detail/residence/for-sale/6780/messancy/vwd15018
16,https://immovlan.be/en/detail/residence/for-sale/6780/messancy/vbd81587
16,https://immovlan.be/en/detail/residence/for-sale/6780/messancy/vbd50744
16,https://immovlan.be/en/detail/apartment/for-sale/6780/messancy/vbd70863
16,https://immovlan.be/en/detail/duplex/for-sale/6780/messancy/vbd62190
16,https://immovlan.be/en/detail/residence/for-sale/6780/messancy/vbc85121
16,https://immovlan.be/en/detail/residence/for-sale/6780/wolkrange/vbd75671
16,https://immovlan.be/en/detail/apartment/for-sale/6790/aubange/vbd89301
16,https://immovlan.be/en/detail/apartment/for-sale/6790/aubange/vbd88911
16,https://immovlan.be/en/detail/apartment/for-sale/6790/aubange/vbd87679
16,https://immovlan.be/en/detail/residence/for-sale/6790/aubange/vbd86749
16,https://immovlan.be/en/detail/apartment/for-sale/6790/aubange/vbd53459
16,https://immovlan.be/en/detail/apartment/for-sale/6790/aubange/vbd02481
17,https://immovlan.be/en/detail/residence/for-sale/6790/aubange/vbd51285
17,https://immovlan.be/en/detail/residence/for-sale/6790/aubange/vbd75698
17,https://immovlan.be/en/detail/apartment/for-sale/6790/aubange/vbd66322
17,https://immovlan.be/en/detail/residence/for-sale/6790/aubange/vbd36856
17,https://immovlan.be/en/detail/residence/for-sale/6790/aubange/vwd13323
17,https://immovlan.be/en/detail/apartment/for-sale/6790/aubange/vbc80161
17,https://immovlan.be/en/detail/residence/for-sale/6790/aubange/vbd75369
17,https://immovlan.be/en/detail/apartment/for-sale/6790/aubange/vbd61403
17,https://immovlan.be/en/detail/residence/for-sale/6790/aubange/vbd74591
17,https://immovlan.be/en/detail/residence/for-sale/6790/aubange/vbd34729
17,https://immovlan.be/en/detail/residence/for-sale/6791/athus/vbd78701
17,https://immovlan.be/en/detail/residence/for-sale/6791/athus/vbd45667
17,https://immovlan.be/en/detail/residence/for-sale/6791/athus/vbd74236
17,https://immovlan.be/en/detail/apartment/for-sale/6791/athus/vwd15794
17,https://immovlan.be/en/detail/apartment/for-sale/6791/athus/vbc99975
17,https://immovlan.be/en/detail/apartment/for-sale/6791/athus/vbd77190
17,https://immovlan.be/en/detail/apartment/for-sale/6791/athus/vbd77188
17,https://immovlan.be/en/detail/apartment/for-sale/6791/athus/vbd77166
17,https://immovlan.be/en/detail/apartment/for-sale/6791/athus/vbd76004
17,https://immovlan.be/en/detail/residence/for-sale/6791/athus/vbd31102
18,https://immovlan.be/en/detail/apartment/for-sale/6791/athus/vbd74228
18,https://immovlan.be/en/detail/apartment/for-sale/6792/halanzy/vbd86530
18,https://immovlan.be/en/detail/residence/for-sale/6792/halanzy/vwd16555
18,https://immovlan.be/en/detail/residence/for-sale/6792/halanzy/vbd83437
18,https://immovlan.be/en/detail/residence/for-sale/6792/halanzy/vbd75678
18,https://immovlan.be/en/detail/residence/for-sale/6792/rachecourt/vbd75658
18,https://immovlan.be/en/detail/apartment/for-sale/6800/libramont-chevigny/vbd89480
18,https://immovlan.be/en/detail/apartment/for-sale/6800/libramont-chevigny/vbd89062
18,https://immovlan.be/en/detail/apartment/for-sale/6800/libramont-chevigny/vbd88525
18,https://immovlan.be/en/detail/apartment/for-sale/6800/libramont-chevigny/vbd69423
18,https://immovlan.be/en/detail/residence/for-sale/6800/libramont-chevigny/vbd81334
18,https://immovlan.be/en/detail/residence/for-sale/6800/libramont-chevigny/vbd76198
18,https://immovlan.be/en/detail/apartment/for-sale/6800/libramont-chevigny/vbd64876
18,https://immovlan.be/en/detail/residence/for-sale/6800/libramont-chevigny/vbd54000
18,https://immovlan.be/en/detail/residence/for-sale/6800/libramont-chevigny/vbd84580
18,https://immovlan.be/en/detail/apartment/for-sale/6800/libramont-chevigny/vba51895
18,https://immovlan.be/en/detail/apartment/for-sale/6800/libramont-chevigny/vbd38674
18,https://immovlan.be/en/detail/apartment/for-sale/6800/libramont-chevigny/vbd64874
19,https://immovlan.be/en/detail/apartment/for-sale/6800/libramont-chevigny/vbd78118
19,https://immovlan.be/en/detail/villa/for-sale/6800/libramont-chevigny/rbu72394
19,https://immovlan.be/en/detail/villa/for-sale/6800/libramont-chevigny/vbd55238
19,https://immovlan.be/en/detail/villa/for-sale/6800/libramont-chevigny/rbu72400
19,https://immovlan.be/en/detail/apartment/for-sale/6800/libramont-chevigny/vbd66222
19,https://immovlan.be/en/detail/residence/for-sale/6800/libramont-chevigny/vbd45269
19,https://immovlan.be/en/detail/villa/for-sale/6800/libramont-chevigny/vbd07754
19,https://immovlan.be/en/detail/residence/for-sale/6800/libramont-chevigny/vbd28132
19,https://immovlan.be/en/detail/apartment/for-sale/6800/libramont-chevigny/rbu72391
19,https://immovlan.be/en/detail/residence/for-sale/6800/libramont-chevigny/rbu72401
19,https://immovlan.be/en/detail/residence/for-sale/6800/libramont-chevigny/rbu72398
19,https://immovlan.be/en/detail/residence/for-sale/6800/libramont-chevigny/rbu77133
19,https://immovlan.be/en/detail/apartment/for-sale/6800/libramont-chevigny/vbd72568
19,https://immovlan.be/en/detail/residence/for-sale/6800/libramont-chevigny/vbd71732
19,https://immovlan.be/en/detail/residence/for-sale/6800/libramont/vbd86433
19,https://immovlan.be/en/detail/apartment/for-sale/6800/libramont/vwd16513
19,https://immovlan.be/en/detail/villa/for-sale/6800/libramont/vbd12800
19,https://immovlan.be/en/detail/residence/for-sale/6800/libramont/vbd42420
19,https://immovlan.be/en/detail/residence/for-sale/6800/libramont/vbd30144
19,https://immovlan.be/en/detail/residence/for-sale/6800/libramont/vbd77285
20,https://immovlan.be/en/detail/residence/for-sale/6800/libramont/vbd66321
20,https://immovlan.be/en/detail/villa/for-sale/6800/saint-pierre/vbc42685
20,https://immovlan.be/en/detail/villa/for-sale/6810/chiny/vwd15986
20,https://immovlan.be/en/detail/residence/for-sale/6812/suxy/vbd60785
20,https://immovlan.be/en/detail/residence/for-sale/6820/florenville/vwd16731
20,https://immovlan.be/en/detail/residence/for-sale/6820/florenville/vwd12986
20,https://immovlan.be/en/detail/residence/for-sale/6820/florenville/vwd16495
20,https://immovlan.be/en/detail/residence/for-sale/6820/florenville/vwd14538
20,https://immovlan.be/en/detail/villa/for-sale/6820/florenville/vwd15075
20,https://immovlan.be/en/detail/bungalow/for-sale/6820/florenville/vwd08325
20,https://immovlan.be/en/detail/residence/for-sale/6820/florenville/vwd15390
20,https://immovlan.be/en/detail/residence/for-sale/6820/florenville/vbd54506
20,https://immovlan.be/en/detail/residence/for-sale/6820/florenville/vwd09644
20,https://immovlan.be/en/detail/residence/for-sale/6820/florenville/vwd13408
20,https://immovlan.be/en/detail/residence/for-sale/6820/florenville/vwd15825
20,https://immovlan.be/en/detail/residence/for-sale/6820/fontenoille/vbd79857
20,https://immovlan.be/en/detail/villa/for-sale/6820/sainte-cecile/vwd14570
20,https://immovlan.be/en/detail/residence/for-sale/6820/sainte-cecile/vbd75210
20,https://immovlan.be/en/detail/residence/for-sale/6821/lacuisine/vbd77636
20,https://immovlan.be/en/detail/residence/for-sale/6821/lacuisine/vbd59176
21,https://immovlan.be/en/detail/residence/for-sale/6823/villers-devant-orval/vaz75347
21,https://immovlan.be/en/detail/residence/for-sale/6823/villers-devant-orval/vbd69180
21,https://immovlan.be/en/detail/residence/for-sale/6830/bouillon/rbv24801
21,https://immovlan.be/en/detail/apartment/for-sale/6830/bouillon/rbi13335
21,https://immovlan.be/en/detail/villa/for-sale/6830/bouillon/vwd16510
21,https://immovlan.be/en/detail/residence/for-sale/6830/bouillon/vwd16415
21,https://immovlan.be/en/detail/apartment/for-sale/6830/bouillon/vwd16072
21,https://immovlan.be/en/detail/duplex/for-sale/6830/bouillon/vbd29162
21,https://immovlan.be/en/detail/residence/for-sale/6830/bouillon/vbd19909
21,https://immovlan.be/en/detail/residence/for-sale/6830/bouillon/vbd51910
21,https://immovlan.be/en/detail/residence/for-sale/6830/bouillon/vbd70612
21,https://immovlan.be/en/detail/residence/for-sale/6830/bouillon/vbd65234
21,https://immovlan.be/en/detail/residence/for-sale/6830/bouillon/vbc97703
21,https://immovlan.be/en/detail/chalet/for-sale/6830/bouillon/vwd13292
21,https://immovlan.be/en/detail/residence/for-sale/6830/bouillon/vbc99251
21,https://immovlan.be/en/detail/residence/for-sale/6830/bouillon/vbc74923
21,https://immovlan.be/en/detail/residence/for-sale/6830/bouillon/vbd71781
21,https://immovlan.be/en/detail/residence/for-sale/6830/bouillon/vwd16026
21,https://immovlan.be/en/detail/residence/for-sale/6830/bouillon/vwd16279
21,https://immovlan.be/en/detail/residence/for-sale/6830/poupehan/vwd14860
22,https://immovlan.be/en/detail/residence/for-sale/6830/poupehan/vbd71185
22,https://immovlan.be/en/detail/residence/for-sale/6830/les-hayons/vwd16182
22,https://immovlan.be/en/detail/residence/for-sale/6832/sensenruth/vbd71325
22,https://immovlan.be/en/detail/chalet/for-sale/6836/dohan/vbd55551
22,https://immovlan.be/en/detail/residence/for-sale/6838/corbion/vbc96037
22,https://immovlan.be/en/detail/residence/for-sale/6838/corbion/vbd70613
22,https://immovlan.be/en/detail/residence/for-sale/6838/corbion/vwd16171
22,https://immovlan.be/en/detail/residence/for-sale/6840/neufchateau/vbd86463
22,https://immovlan.be/en/detail/residence/for-sale/6840/neufchateau/vbd85831
22,https://immovlan.be/en/detail/residence/for-sale/6840/neufchateau/vbd12447
22,https://immovlan.be/en/detail/residence/for-sale/6840/neufchateau/vbd46361
22,https://immovlan.be/en/detail/residence/for-sale/6840/neufchateau/vbd77814
22,https://immovlan.be/en/detail/residence/for-sale/6840/neufchateau/vbd55029
22,https://immovlan.be/en/detail/residence/for-sale/6840/neufchateau/vbd57954
22,https://immovlan.be/en/detail/residence/for-sale/6840/neufchateau/vbd63999
22,https://immovlan.be/en/detail/residence/for-sale/6840/neufchateau/vbd35889
22,https://immovlan.be/en/detail/residence/for-sale/6840/neufchateau/vbd71782
22,https://immovlan.be/en/detail/residence/for-sale/6840/neufchateau/vbd35888
22,https://immovlan.be/en/detail/residence/for-sale/6840/neufchateau/rbu72390
23,https://immovlan.be/en/detail/residence/for-sale/6840/neufchateau/rbu72390
23,https://immovlan.be/en/detail/residence/for-sale/6840/neufchateau/vbc97573
23,https://immovlan.be/en/detail/residence/for-sale/6840/neufchateau/vbd72241
23,https://immovlan.be/en/detail/residence/for-sale/6840/neufchateau/rbu76951
23,https://immovlan.be/en/detail/residence/for-sale/6840/neufchateau/rbu79231
23,https://immovlan.be/en/detail/residence/for-sale/6840/neufchateau/vbd22021
23,https://immovlan.be/en/detail/residence/for-sale/6840/neufchateau/vbd84032
23,https://immovlan.be/en/detail/residence/for-sale/6840/neufchateau/rbv23140
23,https://immovlan.be/en/detail/residence/for-sale/6840/neufchateau/vwd16391
23,https://immovlan.be/en/detail/residence/for-sale/6840/neufchateau/vbd07678
23,https://immovlan.be/en/detail/residence/for-sale/6840/neufchateau/rbu72393
23,https://immovlan.be/en/detail/duplex/for-sale/6840/neufchateau/vbd70377
23,https://immovlan.be/en/detail/residence/for-sale/6840/grandvoir/vbd80300
23,https://immovlan.be/en/detail/residence/for-sale/6840/longlier/vbd75839
23,https://immovlan.be/en/detail/villa/for-sale/6840/tournay/vbd07719
23,https://immovlan.be/en/detail/villa/for-sale/6840/longlier/vbd07728
23,https://immovlan.be/en/detail/villa/for-sale/6840/grandvoir/vbd73035
23,https://immovlan.be/en/detail/residence/for-sale/6840/hamipre/vbd72229
23,https://immovlan.be/en/detail/apartment/for-sale/6850/paliseul/vbd86997
23,https://immovlan.be/en/detail/residence/for-sale/6850/paliseul/vbd81720
24,https://immovlan.be/en/detail/residence/for-sale/6850/paliseul/vbd79971
24,https://immovlan.be/en/detail/residence/for-sale/6850/paliseul/vbd77638
24,https://immovlan.be/en/detail/residence/for-sale/6850/paliseul/vwd16421
24,https://immovlan.be/en/detail/residence/for-sale/6850/paliseul/vbc79017
24,https://immovlan.be/en/detail/residence/for-sale/6850/paliseul/vbd05635
24,https://immovlan.be/en/detail/villa/for-sale/6850/paliseul/vbd41596
24,https://immovlan.be/en/detail/residence/for-sale/6850/paliseul/vbd64139
24,https://immovlan.be/en/detail/residence/for-sale/6850/paliseul/vbd41310
24,https://immovlan.be/en/detail/residence/for-sale/6850/paliseul/vbd63990
24,https://immovlan.be/en/detail/residence/for-sale/6850/paliseul/rbu72395
24,https://immovlan.be/en/detail/residence/for-sale/6850/paliseul/vbd73699
24,https://immovlan.be/en/detail/residence/for-sale/6850/paliseul/vbd58420
24,https://immovlan.be/en/detail/residence/for-sale/6850/paliseul/vbd22062
24,https://immovlan.be/en/detail/residence/for-sale/6850/paliseul/vbd73885
24,https://immovlan.be/en/detail/residence/for-sale/6850/paliseul/vbd64497
24,https://immovlan.be/en/detail/residence/for-sale/6850/paliseul/vbd07753
24,https://immovlan.be/en/detail/residence/for-sale/6850/offagne/vbd80729
24,https://immovlan.be/en/detail/apartment/for-sale/6852/maissin/vbd87088
24,https://immovlan.be/en/detail/villa/for-sale/6852/maissin/vbd42104
24,https://immovlan.be/en/detail/residence/for-sale/6853/framont/vbc22007
25,https://immovlan.be/en/detail/residence/for-sale/6853/framont/vwd15719
25,https://immovlan.be/en/detail/residence/for-sale/6860/leglise/vbd48542
25,https://immovlan.be/en/detail/residence/for-sale/6860/leglise/rbu72396
25,https://immovlan.be/en/detail/residence/for-sale/6860/leglise/vwd03452
25,https://immovlan.be/en/detail/residence/for-sale/6860/mellier/vbd75660
25,https://immovlan.be/en/detail/residence/for-sale/6860/ebly/vbd09468
25,https://immovlan.be/en/detail/villa/for-sale/6870/saint-hubert/vbd20347
25,https://immovlan.be/en/detail/apartment/for-sale/6870/saint-hubert/vbd65481
25,https://immovlan.be/en/detail/penthouse/for-sale/6870/saint-hubert/vbd65480
25,https://immovlan.be/en/detail/residence/for-sale/6870/saint-hubert/vbd81333
25,https://immovlan.be/en/detail/villa/for-sale/6870/saint-hubert/vbc93063
25,https://immovlan.be/en/detail/residence/for-sale/6870/saint-hubert/vbc89151
25,https://immovlan.be/en/detail/villa/for-sale/6870/saint-hubert/vbd64392
25,https://immovlan.be/en/detail/residence/for-sale/6870/saint-hubert/vbd67983
25,https://immovlan.be/en/detail/residence/for-sale/6870/saint-hubert/vbd68122
25,https://immovlan.be/en/detail/residence/for-sale/6870/saint-hubert/vbd75378
25,https://immovlan.be/en/detail/residence/for-sale/6870/saint-hubert/vbd69586
25,https://immovlan.be/en/detail/apartment/for-sale/6870/saint-hubert/vbd65154
25,https://immovlan.be/en/detail/residence/for-sale/6870/saint-hubert/vbd69585
25,https://immovlan.be/en/detail/residence/for-sale/6870/saint-hubert/vbd07715
26,https://immovlan.be/en/detail/residence/for-sale/6870/saint-hubert/vbd68821
26,https://immovlan.be/en/detail/chalet/for-sale/6870/arville/vbd46360
26,https://immovlan.be/en/detail/residence/for-sale/6870/awenne/vbd74309
26,https://immovlan.be/en/detail/residence/for-sale/6880/bertrix/vbd86745
26,https://immovlan.be/en/detail/residence/for-sale/6880/bertrix/vbd89985
26,https://immovlan.be/en/detail/residence/for-sale/6880/bertrix/vbd89686
26,https://immovlan.be/en/detail/residence/for-sale/6880/bertrix/vbd73581
26,https://immovlan.be/en/detail/residence/for-sale/6880/bertrix/vbd65879
26,https://immovlan.be/en/detail/residence/for-sale/6880/bertrix/vbd55004
26,https://immovlan.be/en/detail/residence/for-sale/6880/bertrix/vbd51450
26,https://immovlan.be/en/detail/apartment/for-sale/6880/bertrix/vbd77815
26,https://immovlan.be/en/detail/apartment/for-sale/6880/bertrix/vbd69971
26,https://immovlan.be/en/detail/residence/for-sale/6880/bertrix/vbd72569
26,https://immovlan.be/en/detail/residence/for-sale/6880/bertrix/vbd67073
26,https://immovlan.be/en/detail/residence/for-sale/6880/bertrix/vbd74296
26,https://immovlan.be/en/detail/residence/for-sale/6880/bertrix/vbd60781
26,https://immovlan.be/en/detail/apartment/for-sale/6880/bertrix/vbd76259
26,https://immovlan.be/en/detail/apartment/for-sale/6880/bertrix/vbd75842
26,https://immovlan.be/en/detail/residence/for-sale/6880/bertrix/vbd74264
27,https://immovlan.be/en/detail/residence/for-sale/6880/bertrix/vbd13522
27,https://immovlan.be/en/detail/residence/for-sale/6880/bertrix/vbd64625
27,https://immovlan.be/en/detail/residence/for-sale/6880/bertrix/vbd44175
27,https://immovlan.be/en/detail/apartment/for-sale/6880/bertrix/vwd16185
27,https://immovlan.be/en/detail/apartment/for-sale/6880/bertrix/vbd22637
27,https://immovlan.be/en/detail/residence/for-sale/6880/bertrix/vbd73577
27,https://immovlan.be/en/detail/residence/for-sale/6880/bertrix/vbc97704
27,https://immovlan.be/en/detail/villa/for-sale/6880/bertrix/vaz79884
27,https://immovlan.be/en/detail/chalet/for-sale/6880/bertrix/vwd15438
27,https://immovlan.be/en/detail/villa/for-sale/6880/auby-sur-semois/vwd15436
27,https://immovlan.be/en/detail/duplex/for-sale/6887/herbeumont/vbd60504
27,https://immovlan.be/en/detail/residence/for-sale/6887/herbeumont/vbd71170
27,https://immovlan.be/en/detail/residence/for-sale/6890/libin/vbd89263
27,https://immovlan.be/en/detail/residence/for-sale/6890/libin/vbd69970
27,https://immovlan.be/en/detail/residence/for-sale/6890/libin/vbd64386
27,https://immovlan.be/en/detail/residence/for-sale/6890/libin/vbd63753
27,https://immovlan.be/en/detail/residence/for-sale/6890/libin/vbd84544
27,https://immovlan.be/en/detail/residence/for-sale/6890/libin/vbd84221
27,https://immovlan.be/en/detail/residence/for-sale/6890/libin/vbd12470
28,https://immovlan.be/en/detail/residence/for-sale/6890/libin/vbd19724
28,https://immovlan.be/en/detail/residence/for-sale/6890/libin/vbd23903
28,https://immovlan.be/en/detail/residence/for-sale/6890/libin/vbd22679
28,https://immovlan.be/en/detail/residence/for-sale/6890/libin/vbd79721
28,https://immovlan.be/en/detail/residence/for-sale/6890/libin/vbd52301
28,https://immovlan.be/en/detail/residence/for-sale/6890/libin/vbd61067
28,https://immovlan.be/en/detail/apartment/for-sale/6890/libin/vbd61066
28,https://immovlan.be/en/detail/residence/for-sale/6890/libin/vbd68596
28,https://immovlan.be/en/detail/residence/for-sale/6890/libin/rbu72387
28,https://immovlan.be/en/detail/residence/for-sale/6890/libin/rbu72386
28,https://immovlan.be/en/detail/residence/for-sale/6890/libin/vbd64875
28,https://immovlan.be/en/detail/residence/for-sale/6890/libin/vbd69429
28,https://immovlan.be/en/detail/residence/for-sale/6890/libin/vbc97390
28,https://immovlan.be/en/detail/residence/for-sale/6890/libin/vbd74214
28,https://immovlan.be/en/detail/residence/for-sale/6890/transinne/vbd85588
28,https://immovlan.be/en/detail/residence/for-sale/6890/transinne/vbd80730
28,https://immovlan.be/en/detail/apartment/for-sale/6900/marche-en-famenne/vbd89106
28,https://immovlan.be/en/detail/residence/for-sale/6900/marche-en-famenne/vbd89081
28,https://immovlan.be/en/detail/residence/for-sale/6900/marche-en-famenne/vbd88824
28,https://immovlan.be/en/detail/residence/for-sale/6900/marche-en-famenne/vbd88647
29,https://immovlan.be/en/detail/apartment/for-sale/6900/marche-en-famenne/vbd88049
29,https://immovlan.be/en/detail/residence/for-sale/6900/marche-en-famenne/vbd87116
29,https://immovlan.be/en/detail/residence/for-sale/6900/marche-en-famenne/vbd83795
29,https://immovlan.be/en/detail/apartment/for-sale/6900/marche-en-famenne/vbd83034
29,https://immovlan.be/en/detail/residence/for-sale/6900/marche-en-famenne/vbd78859
29,https://immovlan.be/en/detail/apartment/for-sale/6900/marche-en-famenne/vbb09940
29,https://immovlan.be/en/detail/apartment/for-sale/6900/marche-en-famenne/vbb09939
29,https://immovlan.be/en/detail/apartment/for-sale/6900/marche-en-famenne/vbb09938
29,https://immovlan.be/en/detail/apartment/for-sale/6900/marche-en-famenne/vbb09937
29,https://immovlan.be/en/detail/apartment/for-sale/6900/marche-en-famenne/vbb09936
29,https://immovlan.be/en/detail/apartment/for-sale/6900/marche-en-famenne/vbb09935
29,https://immovlan.be/en/detail/apartment/for-sale/6900/marche-en-famenne/vbb09934
29,https://immovlan.be/en/detail/apartment/for-sale/6900/marche-en-famenne/vbb09933
29,https://immovlan.be/en/detail/apartment/for-sale/6900/marche-en-famenne/vbb09932
29,https://immovlan.be/en/detail/apartment/for-sale/6900/marche-en-famenne/vbb09931
30,https://immovlan.be/en/detail/apartment/for-sale/6900/marche-en-famenne/vbb09930
30,https://immovlan.be/en/detail/apartment/for-sale/6900/marche-en-famenne/vbb09929
30,https://immovlan.be/en/detail/apartment/for-sale/6900/marche-en-famenne/vbb09928
30,https://immovlan.be/en/detail/apartment/for-sale/6900/marche-en-famenne/vbb09927
30,https://immovlan.be/en/detail/apartment/for-sale/6900/marche-en-famenne/vbb09926
30,https://immovlan.be/en/detail/residence/for-sale/6900/marche-en-famenne/vba32953
30,https://immovlan.be/en/detail/apartment/for-sale/6900/marche-en-famenne/vaz81741
30,https://immovlan.be/en/detail/apartment/for-sale/6900/marche-en-famenne/vaz81740
30,https://immovlan.be/en/detail/apartment/for-sale/6900/marche-en-famenne/vaz81739
30,https://immovlan.be/en/detail/residence/for-sale/6900/marche-en-famenne/vbd16284
30,https://immovlan.be/en/detail/residence/for-sale/6900/marche-en-famenne/vbd16017
30,https://immovlan.be/en/detail/residence/for-sale/6900/marche-en-famenne/vbd66346
30,https://immovlan.be/en/detail/apartment/for-sale/6900/marche-en-famenne/vbd20128
30,https://immovlan.be/en/detail/duplex/for-sale/6900/marche-en-famenne/vbd46465
30,https://immovlan.be/en/detail/residence/for-sale/6900/marche-en-famenne/vbd65693
30,https://immovlan.be/en/detail/residence/for-sale/6900/marche-en-famenne/vbd46698
30,https://immovlan.be/en/detail/apartment/for-sale/6900/marche-en-famenne/vbd25062
30,https://immovlan.be/en/detail/residence/for-sale/6900/marche-en-famenne/vbd73019
30,https://immovlan.be/en/detail/residence/for-sale/6900/marche-en-famenne/vbd62529
30,https://immovlan.be/en/detail/residence/for-sale/6900/marche-en-famenne/vbd46305
31,https://immovlan.be/en/detail/residence/for-sale/6900/marche-en-famenne/vbd64313
31,https://immovlan.be/en/detail/residence/for-sale/6900/marche-en-famenne/vbd61689
31,https://immovlan.be/en/detail/apartment/for-sale/6900/marche-en-famenne/vbd20126
31,https://immovlan.be/en/detail/residence/for-sale/6900/marche-en-famenne/vbd56629
31,https://immovlan.be/en/detail/residence/for-sale/6900/marche-en-famenne/vbd58687
31,https://immovlan.be/en/detail/residence/for-sale/6900/marche-en-famenne/vbd46466
31,https://immovlan.be/en/detail/residence/for-sale/6900/marche-en-famenne/vbd78784
31,https://immovlan.be/en/detail/apartment/for-sale/6900/marche-en-famenne/vbd20433
31,https://immovlan.be/en/detail/apartment/for-sale/6900/marche-en-famenne/vbc48565
31,https://immovlan.be/en/detail/residence/for-sale/6900/marche-en-famenne/vbd83208
31,https://immovlan.be/en/detail/residence/for-sale/6900/marche-en-famenne/vbd70577
31,https://immovlan.be/en/detail/residence/for-sale/6900/marche-en-famenne/vbd81734
31,https://immovlan.be/en/detail/residence/for-sale/6900/marche-en-famenne/vbd83798
31,https://immovlan.be/en/detail/residence/for-sale/6900/marche-en-famenne/vbd38806
31,https://immovlan.be/en/detail/apartment/for-sale/6900/marche-en-famenne/vbc51331
31,https://immovlan.be/en/detail/residence/for-sale/6900/marche-en-famenne/vbd78681
31,https://immovlan.be/en/detail/apartment/for-sale/6900/marche-en-famenne/vbc44899
31,https://immovlan.be/en/detail/apartment/for-sale/6900/marche-en-famenne/vbd07599
31,https://immovlan.be/en/detail/residence/for-sale/6900/marche-en-famenne/vbd19607
31,https://immovlan.be/en/detail/residence/for-sale/6900/marche-en-famenne/vbd19362
32,https://immovlan.be/en/detail/villa/for-sale/6900/marche-en-famenne/vbd21640
32,https://immovlan.be/en/detail/residence/for-sale/6900/marche-en-famenne/vbd71447
32,https://immovlan.be/en/detail/residence/for-sale/6900/hargimont/vbd89685
32,https://immovlan.be/en/detail/residence/for-sale/6900/on/vbd88919
32,https://immovlan.be/en/detail/residence/for-sale/6900/waha/vbd15345
32,https://immovlan.be/en/detail/residence/for-sale/6900/hargimont/vbd34058
32,https://immovlan.be/en/detail/residence/for-sale/6900/hargimont/vbd48544
32,https://immovlan.be/en/detail/duplex/for-sale/6900/hargimont/vbd50212
32,https://immovlan.be/en/detail/duplex/for-sale/6900/hargimont/vbd50211
32,https://immovlan.be/en/detail/duplex/for-sale/6900/hargimont/vbd50209
32,https://immovlan.be/en/detail/residence/for-sale/6900/humain/vbd72443
32,https://immovlan.be/en/detail/residence/for-sale/6900/hargimont/vbd42337
32,https://immovlan.be/en/detail/apartment/for-sale/6900/aye/vbd59338
32,https://immovlan.be/en/detail/apartment/for-sale/6900/waha/vwd16076
32,https://immovlan.be/en/detail/bungalow/for-sale/6900/roy/vbd07669
32,https://immovlan.be/en/detail/residence/for-sale/6900/humain/vbd18968
32,https://immovlan.be/en/detail/residence/for-sale/6900/humain/vbd18967
32,https://immovlan.be/en/detail/residence/for-sale/6900/humain/vbd18966
32,https://immovlan.be/en/detail/residence/for-sale/6900/hargimont/vbd75255
32,https://immovlan.be/en/detail/residence/for-sale/6920/wellin/vbd65211
33,https://immovlan.be/en/detail/residence/for-sale/6920/wellin/vbd54736
33,https://immovlan.be/en/detail/residence/for-sale/6920/wellin/vbd80731
33,https://immovlan.be/en/detail/residence/for-sale/6920/wellin/vbd78220
33,https://immovlan.be/en/detail/residence/for-sale/6920/sohier/vbd26715
33,https://immovlan.be/en/detail/residence/for-sale/6921/chanly/vbd88874
33,https://immovlan.be/en/detail/residence/for-sale/6922/halma/vbd44303
33,https://immovlan.be/en/detail/residence/for-sale/6924/lomprez/vbd07695
33,https://immovlan.be/en/detail/residence/for-sale/6927/tellin/vbd52155
33,https://immovlan.be/en/detail/residence/for-sale/6927/tellin/vbd80756
33,https://immovlan.be/en/detail/residence/for-sale/6927/tellin/vbd07668
33,https://immovlan.be/en/detail/bungalow/for-sale/6927/resteigne/vbd30184
33,https://immovlan.be/en/detail/residence/for-sale/6927/bure/vbd75525
33,https://immovlan.be/en/detail/residence/for-sale/6927/bure/vbd71514
33,https://immovlan.be/en/detail/residence/for-sale/6927/bure/vbd56081
33,https://immovlan.be/en/detail/residence/for-sale/6927/bure/vbd75968
33,https://immovlan.be/en/detail/residence/for-sale/6929/daverdisse/vbd84054
33,https://immovlan.be/en/detail/residence/for-sale/6929/daverdisse/vbd37289
33,https://immovlan.be/en/detail/residence/for-sale/6929/daverdisse/vbd03978
33,https://immovlan.be/en/detail/residence/for-sale/6929/daverdisse/vbd67733
33,https://immovlan.be/en/detail/residence/for-sale/6929/daverdisse/vbd41440
34,https://immovlan.be/en/detail/residence/for-sale/6929/daverdisse/vbd52346
34,https://immovlan.be/en/detail/residence/for-sale/6929/daverdisse/vbd71186
34,https://immovlan.be/en/detail/residence/for-sale/6929/haut-fays/vbd87171
34,https://immovlan.be/en/detail/residence/for-sale/6929/haut-fays/vbd48877
34,https://immovlan.be/en/detail/residence/for-sale/6929/haut-fays/vwd15597
34,https://immovlan.be/en/detail/chalet/for-sale/6940/durbuy/rbv27708
34,https://immovlan.be/en/detail/apartment/for-sale/6940/durbuy/vbd90219
34,https://immovlan.be/en/detail/bungalow/for-sale/6940/durbuy/vbd86351
34,https://immovlan.be/en/detail/residence/for-sale/6940/durbuy/rbv10393
34,https://immovlan.be/en/detail/residence/for-sale/6940/durbuy/vbd83722
34,https://immovlan.be/en/detail/residence/for-sale/6940/durbuy/vbd80321
34,https://immovlan.be/en/detail/residence/for-sale/6940/durbuy/vbd80320
34,https://immovlan.be/en/detail/residence/for-sale/6940/durbuy/vbd80319
34,https://immovlan.be/en/detail/residence/for-sale/6940/durbuy/vbd42210
34,https://immovlan.be/en/detail/bungalow/for-sale/6940/durbuy/vbd30887
34,https://immovlan.be/en/detail/residence/for-sale/6940/durbuy/vbd66099
34,https://immovlan.be/en/detail/residence/for-sale/6940/durbuy/vbd66054
35,https://immovlan.be/en/detail/residence/for-sale/6940/durbuy/vbd62200
35,https://immovlan.be/en/detail/residence/for-sale/6940/durbuy/vbd63930
35,https://immovlan.be/en/detail/residence/for-sale/6940/durbuy/vbd38681
35,https://immovlan.be/en/detail/residence/for-sale/6940/durbuy/vbc86564
35,https://immovlan.be/en/detail/loft/for-sale/6940/durbuy/vbc89527
35,https://immovlan.be/en/detail/residence/for-sale/6940/durbuy/vbc91912
35,https://immovlan.be/en/detail/residence/for-sale/6940/durbuy/vbc88342
35,https://immovlan.be/en/detail/residence/for-sale/6940/durbuy/vbd25449
35,https://immovlan.be/en/detail/villa/for-sale/6940/durbuy/vbc82193
35,https://immovlan.be/en/detail/residence/for-sale/6940/durbuy/vbc85519
35,https://immovlan.be/en/detail/penthouse/for-sale/6940/durbuy/vba30385
35,https://immovlan.be/en/detail/residence/for-sale/6940/durbuy/vba84810
35,https://immovlan.be/en/detail/chalet/for-sale/6940/durbuy/vbc86809
35,https://immovlan.be/en/detail/residence/for-sale/6940/durbuy/vbd29181
35,https://immovlan.be/en/detail/villa/for-sale/6940/durbuy/vbd42582
35,https://immovlan.be/en/detail/residence/for-sale/6940/durbuy/vbd11750
35,https://immovlan.be/en/detail/residence/for-sale/6940/durbuy/vbd11751
35,https://immovlan.be/en/detail/residence/for-sale/6940/durbuy/vbd16418
35,https://immovlan.be/en/detail/residence/for-sale/6940/durbuy/vbd34543
35,https://immovlan.be/en/detail/residence/for-sale/6940/durbuy/vbc27953
36,https://immovlan.be/en/detail/residence/for-sale/6940/durbuy/vbd69324
36,https://immovlan.be/en/detail/residence/for-sale/6940/durbuy/vbd68603
36,https://immovlan.be/en/detail/residence/for-sale/6940/durbuy/vbd46896
36,https://immovlan.be/en/detail/chalet/for-sale/6940/durbuy/vbc74357
36,https://immovlan.be/en/detail/residence/for-sale/6940/durbuy/vbd69183
36,https://immovlan.be/en/detail/residence/for-sale/6940/durbuy/vbc88344
36,https://immovlan.be/en/detail/chalet/for-sale/6940/durbuy/vbd52668
36,https://immovlan.be/en/detail/residence/for-sale/6940/durbuy/vbc69375
36,https://immovlan.be/en/detail/residence/for-sale/6940/durbuy/vaz44906
36,https://immovlan.be/en/detail/bungalow/for-sale/6940/durbuy/vbc46332
36,https://immovlan.be/en/detail/bungalow/for-sale/6940/durbuy/vbc20315
36,https://immovlan.be/en/detail/chalet/for-sale/6940/durbuy/vbd67611
36,https://immovlan.be/en/detail/bungalow/for-sale/6940/durbuy/vbc55716
36,https://immovlan.be/en/detail/chalet/for-sale/6940/durbuy/vbd75081
36,https://immovlan.be/en/detail/residence/for-sale/6940/durbuy/vbd55420
36,https://immovlan.be/en/detail/residence/for-sale/6940/durbuy/vbd56140
36,https://immovlan.be/en/detail/chalet/for-sale/6940/durbuy/vbd80966
36,https://immovlan.be/en/detail/apartment/for-sale/6940/durbuy/vbc99748
36,https://immovlan.be/en/detail/residence/for-sale/6940/durbuy/vbd57973
36,https://immovlan.be/en/detail/residence/for-sale/6940/durbuy/vbd01880
37,https://immovlan.be/en/detail/apartment/for-sale/6940/durbuy/vbd67447
37,https://immovlan.be/en/detail/residence/for-sale/6940/durbuy/vbc92912
37,https://immovlan.be/en/detail/residence/for-sale/6940/durbuy/vbd01880
37,https://immovlan.be/en/detail/apartment/for-sale/6940/durbuy/vbc51844
37,https://immovlan.be/en/detail/apartment/for-sale/6940/durbuy/vbc51843
37,https://immovlan.be/en/detail/residence/for-sale/6940/durbuy/vbd57973
37,https://immovlan.be/en/detail/chalet/for-sale/6940/durbuy/rbu89070
37,https://immovlan.be/en/detail/villa/for-sale/6940/durbuy/vbd40203
37,https://immovlan.be/en/detail/chalet/for-sale/6940/durbuy/vbd50957
37,https://immovlan.be/en/detail/residence/for-sale/6940/durbuy/vbd10233
37,https://immovlan.be/en/detail/bungalow/for-sale/6940/durbuy/vbd83323
37,https://immovlan.be/en/detail/chalet/for-sale/6940/durbuy/vbc81774
37,https://immovlan.be/en/detail/residence/for-sale/6940/durbuy/vbd77631
37,https://immovlan.be/en/detail/bungalow/for-sale/6940/durbuy/vbd75719
37,https://immovlan.be/en/detail/residence/for-sale/6940/durbuy/vbd13904
37,https://immovlan.be/en/detail/apartment/for-sale/6940/durbuy/vbd10413
37,https://immovlan.be/en/detail/residence/for-sale/6940/durbuy/vbd16513
37,https://immovlan.be/en/detail/bungalow/for-sale/6940/durbuy/vba54991
37,https://immovlan.be/en/detail/bungalow/for-sale/6940/durbuy/vbd23198
37,https://immovlan.be/en/detail/residence/for-sale/6940/durbuy/vbc99749
38,https://immovlan.be/en/detail/apartment/for-sale/6940/durbuy/vbd02079
38,https://immovlan.be/en/detail/residence/for-sale/6940/durbuy/vbd71808
38,https://immovlan.be/en/detail/chalet/for-sale/6940/durbuy/vbd69488
38,https://immovlan.be/en/detail/apartment/for-sale/6940/durbuy/vbd67448
38,https://immovlan.be/en/detail/chalet/for-sale/6940/barvaux-sur-ourthe/vbd86823
38,https://immovlan.be/en/detail/residence/for-sale/6940/barvaux-sur-ourthe/rwc41811
38,https://immovlan.be/en/detail/residence/for-sale/6940/barvaux-sur-ourthe/vbd83574
38,https://immovlan.be/en/detail/chalet/for-sale/6940/septon/vbd81161
38,https://immovlan.be/en/detail/residence/for-sale/6940/weris/vbc89528
38,https://immovlan.be/en/detail/chalet/for-sale/6940/barvaux-sur-ourthe/vbd21525
38,https://immovlan.be/en/detail/villa/for-sale/6940/barvaux-sur-ourthe/vbc84086
38,https://immovlan.be/en/detail/apartment/for-sale/6940/barvaux-sur-ourthe/vbc33294
38,https://immovlan.be/en/detail/apartment/for-sale/6940/barvaux-sur-ourthe/vbc33288
38,https://immovlan.be/en/detail/apartment/for-sale/6940/barvaux-sur-ourthe/vbc33287
38,https://immovlan.be/en/detail/apartment/for-sale/6940/barvaux-sur-ourthe/vbc33293
38,https://immovlan.be/en/detail/apartment/for-sale/6940/barvaux-sur-ourthe/vbc33286
38,https://immovlan.be/en/detail/apartment/for-sale/6940/barvaux-sur-ourthe/vbc33285
38,https://immovlan.be/en/detail/apartment/for-sale/6940/barvaux-sur-ourthe/vbc33284
38,https://immovlan.be/en/detail/residence/for-sale/6940/weris/vbc69335
38,https://immovlan.be/en/detail/residence/for-sale/6940/barvaux-sur-ourthe/vbc70065
39,https://immovlan.be/en/detail/apartment/for-sale/6940/barvaux-sur-ourthe/vbc33292
39,https://immovlan.be/en/detail/residence/for-sale/6940/barvaux-sur-ourthe/vbd55627
39,https://immovlan.be/en/detail/chalet/for-sale/6940/barvaux-sur-ourthe/vbd40656
39,https://immovlan.be/en/detail/apartment/for-sale/6940/barvaux-sur-ourthe/vbc33290
39,https://immovlan.be/en/detail/chalet/for-sale/6940/weris/vbc84108
39,https://immovlan.be/en/detail/apartment/for-sale/6940/barvaux-sur-ourthe/vbc33291
39,https://immovlan.be/en/detail/apartment/for-sale/6940/barvaux-sur-ourthe/vbc33289
39,https://immovlan.be/en/detail/bungalow/for-sale/6940/barvaux-sur-ourthe/vbd07700
39,https://immovlan.be/en/detail/chalet/for-sale/6940/barvaux-sur-ourthe/vbd07691
39,https://immovlan.be/en/detail/residence/for-sale/6940/grandhan/vbc76199
39,https://immovlan.be/en/detail/residence/for-sale/6941/izier/rbu98331
39,https://immovlan.be/en/detail/residence/for-sale/6941/bende/rbt86674
39,https://immovlan.be/en/detail/residence/for-sale/6941/durbuy/vbd52329
39,https://immovlan.be/en/detail/residence/for-sale/6941/durbuy/vbd52328
39,https://immovlan.be/en/detail/residence/for-sale/6941/bende/vbd82296
39,https://immovlan.be/en/detail/apartment/for-sale/6941/durbuy/vbd63555
39,https://immovlan.be/en/detail/residence/for-sale/6941/bomal/vbd29920
39,https://immovlan.be/en/detail/residence/for-sale/6941/tohogne/vbd74509
39,https://immovlan.be/en/detail/residence/for-sale/6950/nassogne/vbd90461
40,https://immovlan.be/en/detail/residence/for-sale/6950/nassogne/vbb58758
40,https://immovlan.be/en/detail/residence/for-sale/6950/nassogne/vbd56753
40,https://immovlan.be/en/detail/residence/for-sale/6950/nassogne/vbd64842
40,https://immovlan.be/en/detail/residence/for-sale/6950/nassogne/vbd66138
40,https://immovlan.be/en/detail/residence/for-sale/6950/nassogne/vbd81611
40,https://immovlan.be/en/detail/residence/for-sale/6950/nassogne/vbd64521
40,https://immovlan.be/en/detail/apartment/for-sale/6950/nassogne/vbc83560
40,https://immovlan.be/en/detail/residence/for-sale/6950/harsin/vbd89744
40,https://immovlan.be/en/detail/residence/for-sale/6950/harsin/vbd88226
40,https://immovlan.be/en/detail/residence/for-sale/6950/harsin/vbd07706
40,https://immovlan.be/en/detail/villa/for-sale/6951/bande/vbd69856
40,https://immovlan.be/en/detail/residence/for-sale/6951/bande/vbd79646
40,https://immovlan.be/en/detail/residence/for-sale/6951/bande/vbd64841
40,https://immovlan.be/en/detail/residence/for-sale/6951/bande/vbd22656
40,https://immovlan.be/en/detail/residence/for-sale/6951/bande/vbd47356
40,https://immovlan.be/en/detail/chalet/for-sale/6951/bande/vbd07673
40,https://immovlan.be/en/detail/villa/for-sale/6951/bande/vbd07690
40,https://immovlan.be/en/detail/villa/for-sale/6951/bande/vbd07681
40,https://immovlan.be/en/detail/villa/for-sale/6951/bande/vbd07737
41,https://immovlan.be/en/detail/villa/for-sale/6951/bande/vbd07729
41,https://immovlan.be/en/detail/residence/for-sale/6953/ambly/vbd83740
41,https://immovlan.be/en/detail/residence/for-sale/6953/lesterny/vbd83224
41,https://immovlan.be/en/detail/residence/for-sale/6953/ambly/vbd70615
41,https://immovlan.be/en/detail/residence/for-sale/6953/ambly/vbd71277
41,https://immovlan.be/en/detail/residence/for-sale/6953/ambly/vbd71174
41,https://immovlan.be/en/detail/residence/for-sale/6953/forrieres/vbd78296
41,https://immovlan.be/en/detail/residence/for-sale/6953/forrieres/vbd82607
41,https://immovlan.be/en/detail/residence/for-sale/6960/manhay/vbc87668
41,https://immovlan.be/en/detail/residence/for-sale/6960/manhay/vbd40308
41,https://immovlan.be/en/detail/villa/for-sale/6960/manhay/vbd59134
41,https://immovlan.be/en/detail/residence/for-sale/6960/manhay/vbd76511
41,https://immovlan.be/en/detail/chalet/for-sale/6960/dochamps/vbd67102
41,https://immovlan.be/en/detail/residence/for-sale/6960/dochamps/vbd63679
41,https://immovlan.be/en/detail/residence/for-sale/6960/grandmenil/vbc88947
41,https://immovlan.be/en/detail/residence/for-sale/6960/malempre/vbd04996
41,https://immovlan.be/en/detail/residence/for-sale/6960/dochamps/vbc40235
41,https://immovlan.be/en/detail/villa/for-sale/6960/dochamps/vbd07708
41,https://immovlan.be/en/detail/residence/for-sale/6960/harre/vbc73399
42,https://immovlan.be/en/detail/residence/for-sale/6970/tenneville/vbd69949
42,https://immovlan.be/en/detail/residence/for-sale/6970/tenneville/vbd16038
42,https://immovlan.be/en/detail/residence/for-sale/6970/tenneville/vbd66345
42,https://immovlan.be/en/detail/residence/for-sale/6970/tenneville/vbc77384
42,https://immovlan.be/en/detail/residence/for-sale/6970/tenneville/vbd31148
42,https://immovlan.be/en/detail/residence/for-sale/6970/tenneville/vbc89732
42,https://immovlan.be/en/detail/villa/for-sale/6972/erneuville/vbd83555
42,https://immovlan.be/en/detail/residence/for-sale/6972/erneuville/vbd79378
42,https://immovlan.be/en/detail/residence/for-sale/6980/la-roche-en-ardenne/vbd88740
42,https://immovlan.be/en/detail/apartment/for-sale/6980/la-roche-en-ardenne/vbd87466
42,https://immovlan.be/en/detail/chalet/for-sale/6980/la-roche-en-ardenne/vbd15138
42,https://immovlan.be/en/detail/residence/for-sale/6980/la-roche-en-ardenne/vbd05770
42,https://immovlan.be/en/detail/apartment/for-sale/6980/la-roche-en-ardenne/vbd31743
42,https://immovlan.be/en/detail/apartment/for-sale/6980/la-roche-en-ardenne/vbd31742
42,https://immovlan.be/en/detail/apartment/for-sale/6980/la-roche-en-ardenne/vbd31741
42,https://immovlan.be/en/detail/apartment/for-sale/6980/la-roche-en-ardenne/vbd31740
42,https://immovlan.be/en/detail/residence/for-sale/6980/la-roche-en-ardenne/vbd30007
42,https://immovlan.be/en/detail/residence/for-sale/6980/la-roche-en-ardenne/vbd42223
42,https://immovlan.be/en/detail/apartment/for-sale/6980/la-roche-en-ardenne/vbd64496
43,https://immovlan.be/en/detail/residence/for-sale/6980/la-roche-en-ardenne/vbd34545
43,https://immovlan.be/en/detail/residence/for-sale/6980/la-roche-en-ardenne/vbd03984
43,https://immovlan.be/en/detail/residence/for-sale/6980/la-roche-en-ardenne/vbd25719
43,https://immovlan.be/en/detail/residence/for-sale/6980/la-roche-en-ardenne/vbd29516
43,https://immovlan.be/en/detail/residence/for-sale/6980/la-roche-en-ardenne/vbd75300
43,https://immovlan.be/en/detail/residence/for-sale/6980/la-roche-en-ardenne/vbc65031
43,https://immovlan.be/en/detail/residence/for-sale/6980/la-roche-en-ardenne/vbd23887
43,https://immovlan.be/en/detail/apartment/for-sale/6980/la-roche-en-ardenne/vbc74362
43,https://immovlan.be/en/detail/apartment/for-sale/6980/la-roche-en-ardenne/vbd45855
43,https://immovlan.be/en/detail/residence/for-sale/6980/la-roche-en-ardenne/vbd58672
43,https://immovlan.be/en/detail/residence/for-sale/6980/la-roche-en-ardenne/vbd62219
43,https://immovlan.be/en/detail/residence/for-sale/6980/la-roche-en-ardenne/vbd07694
43,https://immovlan.be/en/detail/residence/for-sale/6980/la-roche-en-ardenne/vbd09527
43,https://immovlan.be/en/detail/residence/for-sale/6980/beausaint/vbd18506
43,https://immovlan.be/en/detail/residence/for-sale/6980/beausaint/vbd61975
43,https://immovlan.be/en/detail/residence/for-sale/6980/beausaint/vbd51002
43,https://immovlan.be/en/detail/residence/for-sale/6980/beausaint/vbd07633
43,https://immovlan.be/en/detail/residence/for-sale/6983/ortho/vbd13611
43,https://immovlan.be/en/detail/residence/for-sale/6983/ortho/vbd83645
43,https://immovlan.be/en/detail/chalet/for-sale/6983/ortho/vbc77241
44,https://immovlan.be/en/detail/residence/for-sale/6984/hives/vbd51442
44,https://immovlan.be/en/detail/residence/for-sale/6987/rendeux/vbd88682
44,https://immovlan.be/en/detail/residence/for-sale/6987/rendeux/vbd38179
44,https://immovlan.be/en/detail/chalet/for-sale/6987/beffe/vbd09664
44,https://immovlan.be/en/detail/residence/for-sale/6987/marcourt/vbd12637
44,https://immovlan.be/en/detail/chalet/for-sale/6987/beffe/vbd64044
44,https://immovlan.be/en/detail/chalet/for-sale/6987/beffe/vbc31428
44,https://immovlan.be/en/detail/residence/for-sale/6990/hotton/vbd88734
44,https://immovlan.be/en/detail/residence/for-sale/6990/hotton/vbd16633
44,https://immovlan.be/en/detail/residence/for-sale/6990/hotton/vbd25578
44,https://immovlan.be/en/detail/residence/for-sale/6990/hotton/vbd70614
44,https://immovlan.be/en/detail/apartment/for-sale/6990/hotton/vbd26854
44,https://immovlan.be/en/detail/residence/for-sale/6990/hotton/vbd59695
44,https://immovlan.be/en/detail/residence/for-sale/6990/marenne/vbd90187
44,https://immovlan.be/en/detail/residence/for-sale/6990/fronville/vbd79315
44,https://immovlan.be/en/detail/residence/for-sale/6990/fronville/vbb32395
44,https://immovlan.be/en/detail/residence/for-sale/6997/erezee/vbd19127
44,https://immovlan.be/en/detail/residence/for-sale/6997/erezee/vbd55471
44,https://immovlan.be/en/detail/residence/for-sale/6997/erezee/vbd06542
44,https://immovlan.be/en/detail/residence/for-sale/6997/erezee/vbd27945
45,https://immovlan.be/en/detail/residence/for-sale/6997/erezee/vbd27946
45,https://immovlan.be/en/detail/residence/for-sale/6997/erezee/vbd29080
45,https://immovlan.be/en/detail/residence/for-sale/6997/erezee/vbd48649
45,https://immovlan.be/en/detail/chalet/for-sale/6997/erezee/vba23501
45,https://immovlan.be/en/detail/residence/for-sale/6997/erezee/vbc79704
45,https://immovlan.be/en/detail/residence/for-sale/6997/erezee/vbc79703
45,https://immovlan.be/en/detail/chalet/for-sale/6997/erezee/vbd58421
45,https://immovlan.be/en/detail/residence/for-sale/6997/erezee/rbv10392
45,https://immovlan.be/en/detail/residence/for-sale/6997/erezee/vbc86563
45,https://immovlan.be/en/detail/chalet/for-sale/6997/erezee/vbd10939
45,https://immovlan.be/en/detail/residence/for-sale/6997/erezee/vbc84111
45,https://immovlan.be/en/detail/chalet/for-sale/6997/amonines/vba90125
45,https://immovlan.be/en/detail/chalet/for-sale/6997/amonines/vbd52559
45,https://immovlan.be/en/detail/residence/for-sale/6997/soy/vbb99803
45,https://immovlan.be/en/detail/chalet/for-sale/6997/amonines/vbd61850
45,https://immovlan.be/en/detail/chalet/for-sale/6997/amonines/vbd07644
